epoch (ms),time (-13:00),elapsed (s),x-axis (T),y-axis (T),z-axis (T)
1651504445412,2022-05-02T11:14:05.412,0.000,0.000092250,0.000036375,-0.000005250
1651504445462,2022-05-02T11:14:05.462,0.050,0.000091938,0.000050562,-0.000005625
1651504445512,2022-05-02T11:14:05.512,0.100,0.000091562,0.000049813,-0.000005625
1651504445562,2022-05-02T11:14:05.562,0.150,0.000093375,0.000050562,-0.000007562
1651504445612,2022-05-02T11:14:05.612,0.200,0.000091938,0.000037813,-0.000006000
1651504445662,2022-05-02T11:14:05.662,0.250,0.000091938,0.000049125,-0.000007938
1651504445712,2022-05-02T11:14:05.712,0.300,0.000090063,0.000049438,-0.000007938
1651504445762,2022-05-02T11:14:05.762,0.350,0.000089000,0.000049125,-0.000006813
1651504445812,2022-05-02T11:14:05.812,0.400,0.000090813,0.000049062,-0.000008312
1651504445862,2022-05-02T11:14:05.862,0.450,0.000090437,0.000048750,-0.000006437
1651504445912,2022-05-02T11:14:05.912,0.500,0.000091188,0.000048750,-0.000006813
1651504445962,2022-05-02T11:14:05.962,0.550,0.000089375,0.000050562,-0.000006813
1651504446012,2022-05-02T11:14:06.012,0.600,0.000090437,0.000049062,-0.000005625
1651504446062,2022-05-02T11:14:06.062,0.650,0.000091938,0.000037438,-0.000004875
1651504446112,2022-05-02T11:14:06.112,0.700,0.000091188,0.000048750,-0.000004875
1651504446162,2022-05-02T11:14:06.162,0.750,0.000088625,0.000049813,-0.000004875
1651504446212,2022-05-02T11:14:06.212,0.800,0.000091562,0.000050562,-0.000003750
1651504446262,2022-05-02T11:14:06.262,0.850,0.000091188,0.000049438,-0.000004500
1651504446312,2022-05-02T11:14:06.312,0.900,0.000091938,0.000049438,-0.000003000
1651504446362,2022-05-02T11:14:06.362,0.950,0.000090125,0.000050188,-0.000006813
1651504446412,2022-05-02T11:14:06.412,1.000,0.000090437,0.000033437,-0.000004500
1651504446462,2022-05-02T11:14:06.462,1.050,0.000089750,0.000049813,-0.000005625
1651504446512,2022-05-02T11:14:06.512,1.100,0.000090813,0.000047625,-0.000006813
1651504446562,2022-05-02T11:14:06.562,1.150,0.000090813,0.000048750,-0.000005625
1651504446612,2022-05-02T11:14:06.612,1.200,0.000091562,0.000050562,-0.000006813
1651504446662,2022-05-02T11:14:06.662,1.250,0.000090437,0.000050937,-0.000004500
1651504446712,2022-05-02T11:14:06.712,1.300,0.000091938,0.000049438,-0.000007188
1651504446762,2022-05-02T11:14:06.762,1.350,0.000089750,0.000049125,-0.000005250
1651504446812,2022-05-02T11:14:06.812,1.400,0.000090125,0.000048000,-0.000006813
1651504446862,2022-05-02T11:14:06.862,1.450,0.000089750,0.000043625,-0.000005250
1651504446912,2022-05-02T11:14:06.912,1.500,0.000091188,0.000050188,-0.000005625
1651504446962,2022-05-02T11:14:06.962,1.550,0.000091938,0.000049438,-0.000005625
1651504447012,2022-05-02T11:14:07.012,1.600,0.000090125,0.000049813,-0.000004875
1651504447062,2022-05-02T11:14:07.062,1.650,0.000091562,0.000048375,-0.000007938
1651504447112,2022-05-02T11:14:07.112,1.700,0.000090813,0.000046563,-0.000004125
1651504447162,2022-05-02T11:14:07.162,1.750,0.000090813,0.000041437,-0.000005625
1651504447212,2022-05-02T11:14:07.212,1.800,0.000093375,0.000049438,-0.000003000
1651504447262,2022-05-02T11:14:07.262,1.850,0.000091938,0.000043625,-0.000006437
1651504447312,2022-05-02T11:14:07.312,1.900,0.000092250,0.000044750,-0.000004875
1651504447362,2022-05-02T11:14:07.362,1.950,0.000093375,0.000050937,-0.000002625
1651504447412,2022-05-02T11:14:07.412,2.000,0.000094437,0.000050188,-0.000002250
1651504447462,2022-05-02T11:14:07.462,2.050,0.000094125,0.000049813,-0.000002250
1651504447512,2022-05-02T11:14:07.512,2.100,0.000093750,0.000050562,-0.000001875
1651504447562,2022-05-02T11:14:07.562,2.150,0.000094437,0.000051250,-0.000001500
1651504447612,2022-05-02T11:14:07.612,2.200,0.000094437,0.000050562,-0.000003000
1651504447662,2022-05-02T11:14:07.662,2.250,0.000094437,0.000039625,-0.000002625
1651504447712,2022-05-02T11:14:07.712,2.300,0.000093750,0.000051625,-0.000003750
1651504447762,2022-05-02T11:14:07.762,2.350,0.000095187,0.000050562,-0.000004875
1651504447812,2022-05-02T11:14:07.812,2.400,0.000093375,0.000052375,-0.000004125
1651504447862,2022-05-02T11:14:07.862,2.450,0.000095187,0.000052750,-0.000006437
1651504447912,2022-05-02T11:14:07.912,2.500,0.000095187,0.000051250,-0.000007188
1651504447962,2022-05-02T11:14:07.962,2.550,0.000095187,0.000052000,-0.000010188
1651504448012,2022-05-02T11:14:08.012,2.600,0.000094813,0.000040000,-0.000007188
1651504448062,2022-05-02T11:14:08.062,2.650,0.000094125,0.000051250,-0.000009438
1651504448112,2022-05-02T11:14:08.112,2.700,0.000094813,0.000045125,-0.000008312
1651504448162,2022-05-02T11:14:08.162,2.750,0.000095563,0.000052000,-0.000008687
1651504448212,2022-05-02T11:14:08.212,2.800,0.000094437,0.000050937,-0.000008687
1651504448262,2022-05-02T11:14:08.262,2.850,0.000095938,0.000052750,-0.000006437
1651504448312,2022-05-02T11:14:08.312,2.900,0.000094813,0.000052000,-0.000009062
1651504448362,2022-05-02T11:14:08.362,2.950,0.000095187,0.000051625,-0.000009062
1651504448412,2022-05-02T11:14:08.412,3.000,0.000094125,0.000047250,-0.000010188
1651504448462,2022-05-02T11:14:08.462,3.050,0.000095938,0.000039625,-0.000007188
1651504448512,2022-05-02T11:14:08.512,3.100,0.000095187,0.000052750,-0.000008312
1651504448562,2022-05-02T11:14:08.562,3.150,0.000094437,0.000046187,-0.000007938
1651504448612,2022-05-02T11:14:08.612,3.200,0.000094125,0.000051625,-0.000008312
1651504448662,2022-05-02T11:14:08.662,3.250,0.000093750,0.000049125,-0.000008687
1651504448712,2022-05-02T11:14:08.712,3.300,0.000091562,0.000050188,-0.000008312
1651504448762,2022-05-02T11:14:08.762,3.350,0.000091938,0.000050937,-0.000008312
1651504448812,2022-05-02T11:14:08.812,3.400,0.000091938,0.000050937,-0.000007188
1651504448862,2022-05-02T11:14:08.862,3.450,0.000091188,0.000049813,-0.000008312
1651504448912,2022-05-02T11:14:08.912,3.500,0.000092625,0.000049125,-0.000007562
1651504448962,2022-05-02T11:14:08.962,3.550,0.000090437,0.000048750,-0.000006813
1651504449012,2022-05-02T11:14:09.012,3.600,0.000091188,0.000050937,-0.000006437
1651504449062,2022-05-02T11:14:09.062,3.650,0.000091188,0.000050937,-0.000006437
1651504449112,2022-05-02T11:14:09.112,3.700,0.000092250,0.000050937,-0.000004500
1651504449162,2022-05-02T11:14:09.162,3.750,0.000091938,0.000049813,-0.000006000
1651504449212,2022-05-02T11:14:09.212,3.800,0.000089750,0.000049438,-0.000007188
1651504449262,2022-05-02T11:14:09.262,3.850,0.000091938,0.000045812,-0.000005250
1651504449312,2022-05-02T11:14:09.312,3.900,0.000091562,0.000049813,-0.000006813
1651504449362,2022-05-02T11:14:09.362,3.950,0.000091188,0.000040375,-0.000006437
1651504449412,2022-05-02T11:14:09.412,4.000,0.000090437,0.000049125,-0.000005250
1651504449462,2022-05-02T11:14:09.462,4.050,0.000091938,0.000048375,-0.000006437
1651504449512,2022-05-02T11:14:09.512,4.100,0.000091188,0.000050188,-0.000004875
1651504449562,2022-05-02T11:14:09.562,4.150,0.000090437,0.000049813,-0.000005250
1651504449612,2022-05-02T11:14:09.612,4.200,0.000091188,0.000050562,-0.000004875
1651504449662,2022-05-02T11:14:09.662,4.250,0.000093375,0.000049438,-0.000006062
1651504449712,2022-05-02T11:14:09.712,4.300,0.000091938,0.000050937,-0.000006437
1651504449762,2022-05-02T11:14:09.762,4.350,0.000091938,0.000051250,-0.000005250
1651504449812,2022-05-02T11:14:09.812,4.400,0.000091562,0.000049125,-0.000006813
1651504449862,2022-05-02T11:14:09.862,4.450,0.000090813,0.000050188,-0.000006437
1651504449912,2022-05-02T11:14:09.912,4.500,0.000092625,0.000050937,-0.000007188
1651504449962,2022-05-02T11:14:09.962,4.550,0.000093000,0.000050562,-0.000003750
1651504450012,2022-05-02T11:14:10.012,4.600,0.000094125,0.000048750,-0.000003375
1651504450062,2022-05-02T11:14:10.062,4.650,0.000095187,0.000049813,0.000000000
1651504450112,2022-05-02T11:14:10.112,4.700,0.000097000,0.000044750,-0.000000375
1651504450162,2022-05-02T11:14:10.162,4.750,0.000098125,0.000038562,0.000002625
1651504450212,2022-05-02T11:14:10.212,4.800,0.000098813,0.000044000,0.000002625
1651504450262,2022-05-02T11:14:10.262,4.850,0.000099937,0.000050937,0.000005250
1651504450312,2022-05-02T11:14:10.312,4.900,0.000102438,0.000048375,0.000006062
1651504450362,2022-05-02T11:14:10.362,4.950,0.000104250,0.000052375,0.000005250
1651504450412,2022-05-02T11:14:10.412,5.000,0.000105000,0.000050937,0.000007938
1651504450462,2022-05-02T11:14:10.462,5.050,0.000107188,0.000050562,0.000009062
1651504450512,2022-05-02T11:14:10.512,5.100,0.000106062,0.000050937,0.000010188
1651504450562,2022-05-02T11:14:10.562,5.150,0.000106812,0.000049813,0.000009438
1651504450612,2022-05-02T11:14:10.612,5.200,0.000110063,0.000044375,0.000009813
1651504450662,2022-05-02T11:14:10.662,5.250,0.000110125,0.000048750,0.000010937
1651504450712,2022-05-02T11:14:10.712,5.300,0.000110812,0.000048750,0.000010937
1651504450762,2022-05-02T11:14:10.762,5.350,0.000109375,0.000049438,0.000013250
1651504450812,2022-05-02T11:14:10.812,5.400,0.000107562,0.000050562,0.000010937
1651504450862,2022-05-02T11:14:10.862,5.450,0.000110063,0.000045812,0.000013250
1651504450912,2022-05-02T11:14:10.912,5.500,0.000109375,0.000049813,0.000011687
1651504450962,2022-05-02T11:14:10.962,5.550,0.000110812,0.000050188,0.000015500
1651504451012,2022-05-02T11:14:11.012,5.600,0.000108625,0.000050188,0.000014000
1651504451062,2022-05-02T11:14:11.062,5.650,0.000107188,0.000050188,0.000013625
1651504451112,2022-05-02T11:14:11.112,5.700,0.000106812,0.000049125,0.000014750
1651504451162,2022-05-02T11:14:11.162,5.750,0.000105375,0.000051625,0.000012125
1651504451212,2022-05-02T11:14:11.212,5.800,0.000104250,0.000051250,0.000010937
1651504451262,2022-05-02T11:14:11.262,5.850,0.000101750,0.000051625,0.000007562
1651504451312,2022-05-02T11:14:11.312,5.900,0.000101375,0.000049125,0.000006813
1651504451362,2022-05-02T11:14:11.362,5.950,0.000099937,0.000051625,0.000004875
1651504451412,2022-05-02T11:14:11.412,6.000,0.000098813,0.000039625,0.000001875
1651504451462,2022-05-02T11:14:11.462,6.050,0.000097375,0.000052000,0.000000375
1651504451512,2022-05-02T11:14:11.512,6.100,0.000095938,0.000050188,-0.000000375
1651504451562,2022-05-02T11:14:11.562,6.150,0.000096312,0.000050562,0.000000000
1651504451612,2022-05-02T11:14:11.612,6.200,0.000093375,0.000050937,-0.000001125
1651504451662,2022-05-02T11:14:11.662,6.250,0.000094437,0.000052000,-0.000000375
1651504451712,2022-05-02T11:14:11.712,6.300,0.000094437,0.000050562,-0.000001875
1651504451762,2022-05-02T11:14:11.762,6.350,0.000093375,0.000051250,-0.000001125
1651504451812,2022-05-02T11:14:11.812,6.400,0.000093375,0.000050188,-0.000002250
1651504451862,2022-05-02T11:14:11.862,6.450,0.000091938,0.000048375,-0.000001500
1651504451912,2022-05-02T11:14:11.912,6.500,0.000093000,0.000050937,-0.000002250
1651504451962,2022-05-02T11:14:11.962,6.550,0.000090813,0.000048375,-0.000002625
1651504452012,2022-05-02T11:14:12.012,6.600,0.000090437,0.000049438,-0.000002625
1651504452062,2022-05-02T11:14:12.062,6.650,0.000089750,0.000050937,-0.000004125
1651504452112,2022-05-02T11:14:12.112,6.700,0.000090125,0.000051250,-0.000001875
1651504452162,2022-05-02T11:14:12.162,6.750,0.000090437,0.000050562,-0.000004875
1651504452212,2022-05-02T11:14:12.212,6.800,0.000091188,0.000038938,-0.000004125
1651504452262,2022-05-02T11:14:12.262,6.850,0.000091188,0.000049813,-0.000005625
1651504452312,2022-05-02T11:14:12.312,6.900,0.000091562,0.000048375,-0.000004500
1651504452362,2022-05-02T11:14:12.362,6.950,0.000090437,0.000049813,-0.000003000
1651504452412,2022-05-02T11:14:12.412,7.000,0.000091562,0.000049813,-0.000004125
1651504452462,2022-05-02T11:14:12.462,7.050,0.000090813,0.000049438,-0.000001500
1651504452512,2022-05-02T11:14:12.512,7.100,0.000090813,0.000048750,-0.000003750
1651504452562,2022-05-02T11:14:12.562,7.150,0.000091562,0.000048750,-0.000001125
1651504452612,2022-05-02T11:14:12.612,7.200,0.000091188,0.000046938,-0.000001125
1651504452662,2022-05-02T11:14:12.662,7.250,0.000090125,0.000039625,-0.000000750
1651504452712,2022-05-02T11:14:12.712,7.300,0.000090813,0.000049438,-0.000000375
1651504452762,2022-05-02T11:14:12.762,7.350,0.000089375,0.000047625,-0.000004500
1651504452812,2022-05-02T11:14:12.812,7.400,0.000091188,0.000048375,-0.000000750
1651504452862,2022-05-02T11:14:12.862,7.450,0.000090125,0.000048375,-0.000003375
1651504452912,2022-05-02T11:14:12.912,7.500,0.000090813,0.000046187,-0.000001500
1651504452962,2022-05-02T11:14:12.962,7.550,0.000089750,0.000042188,-0.000003375
1651504453012,2022-05-02T11:14:13.012,7.600,0.000090813,0.000033812,-0.000001500
1651504453062,2022-05-02T11:14:13.062,7.650,0.000091188,0.000041125,-0.000003375
1651504453112,2022-05-02T11:14:13.112,7.700,0.000091562,0.000044375,-0.000002625
1651504453162,2022-05-02T11:14:13.162,7.750,0.000090813,0.000049125,-0.000002250
1651504453212,2022-05-02T11:14:13.212,7.800,0.000090437,0.000049438,-0.000003000
1651504453262,2022-05-02T11:14:13.262,7.850,0.000090437,0.000048750,-0.000001875
1651504453312,2022-05-02T11:14:13.312,7.900,0.000089375,0.000048375,-0.000003375
1651504453362,2022-05-02T11:14:13.362,7.950,0.000090437,0.000050188,-0.000002250
1651504453412,2022-05-02T11:14:13.412,8.000,0.000091938,0.000049125,-0.000001500
1651504453462,2022-05-02T11:14:13.462,8.050,0.000091562,0.000038938,-0.000000750
1651504453512,2022-05-02T11:14:13.512,8.100,0.000091938,0.000050188,-0.000001500
1651504453562,2022-05-02T11:14:13.562,8.150,0.000090437,0.000049438,-0.000002625
1651504453612,2022-05-02T11:14:13.612,8.200,0.000090437,0.000049813,-0.000001125
1651504453662,2022-05-02T11:14:13.662,8.250,0.000091562,0.000049438,-0.000001125
1651504453712,2022-05-02T11:14:13.712,8.300,0.000091562,0.000049125,-0.000000750
1651504453762,2022-05-02T11:14:13.762,8.350,0.000091188,0.000049438,-0.000003375
1651504453812,2022-05-02T11:14:13.812,8.400,0.000090813,0.000048375,-0.000001500
1651504453862,2022-05-02T11:14:13.862,8.450,0.000090125,0.000049438,-0.000003375
1651504453912,2022-05-02T11:14:13.912,8.500,0.000090813,0.000032375,-0.000001500
1651504453962,2022-05-02T11:14:13.962,8.550,0.000090500,0.000048375,-0.000003000
1651504454012,2022-05-02T11:14:14.012,8.600,0.000091562,0.000049438,-0.000003000
1651504454062,2022-05-02T11:14:14.062,8.650,0.000091562,0.000049438,-0.000001500
1651504454112,2022-05-02T11:14:14.112,8.700,0.000089375,0.000048375,-0.000003000
1651504454162,2022-05-02T11:14:14.162,8.750,0.000091562,0.000049125,0.000000000
1651504454212,2022-05-02T11:14:14.212,8.800,0.000090813,0.000048750,-0.000002625
1651504454262,2022-05-02T11:14:14.262,8.850,0.000090813,0.000034187,-0.000002625
1651504454312,2022-05-02T11:14:14.312,8.900,0.000090813,0.000049438,-0.000001500
1651504454362,2022-05-02T11:14:14.362,8.950,0.000090437,0.000048750,-0.000002625
1651504454412,2022-05-02T11:14:14.412,9.000,0.000090500,0.000048750,-0.000001125
1651504454462,2022-05-02T11:14:14.462,9.050,0.000091562,0.000049125,-0.000001125
1651504454512,2022-05-02T11:14:14.512,9.100,0.000091562,0.000049813,0.000000375
1651504454562,2022-05-02T11:14:14.562,9.150,0.000091188,0.000049125,-0.000001125
1651504454612,2022-05-02T11:14:14.612,9.200,0.000091562,0.000048750,-0.000000375
1651504454662,2022-05-02T11:14:14.662,9.250,0.000092312,0.000044375,-0.000003375
1651504454712,2022-05-02T11:14:14.712,9.300,0.000090813,0.000037125,0.000000000
1651504454762,2022-05-02T11:14:14.762,9.350,0.000090125,0.000049438,-0.000000375
1651504454812,2022-05-02T11:14:14.812,9.400,0.000090125,0.000048000,0.000000375
1651504454862,2022-05-02T11:14:14.862,9.450,0.000089000,0.000048375,0.000000750
1651504454912,2022-05-02T11:14:14.912,9.500,0.000090813,0.000048750,0.000001875
1651504454962,2022-05-02T11:14:14.962,9.550,0.000091562,0.000049125,0.000001125
1651504455012,2022-05-02T11:14:15.012,9.600,0.000091188,0.000048000,0.000000375
1651504455062,2022-05-02T11:14:15.062,9.650,0.000091562,0.000033437,0.000002250
1651504455112,2022-05-02T11:14:15.112,9.700,0.000090813,0.000049438,0.000000750
1651504455162,2022-05-02T11:14:15.162,9.750,0.000090813,0.000050562,0.000000750
1651504455212,2022-05-02T11:14:15.212,9.800,0.000091188,0.000049813,0.000001875
1651504455262,2022-05-02T11:14:15.262,9.850,0.000092250,0.000048000,0.000002625
1651504455312,2022-05-02T11:14:15.312,9.900,0.000091188,0.000048750,0.000001875
1651504455362,2022-05-02T11:14:15.362,9.950,0.000090813,0.000049125,0.000000750
1651504455412,2022-05-02T11:14:15.412,10.000,0.000091562,0.000049813,0.000002250
1651504455462,2022-05-02T11:14:15.462,10.050,0.000090813,0.000047250,0.000001500
1651504455512,2022-05-02T11:14:15.512,10.100,0.000092250,0.000037125,0.000002250
1651504455562,2022-05-02T11:14:15.562,10.150,0.000091188,0.000049438,0.000001500
1651504455612,2022-05-02T11:14:15.612,10.200,0.000091938,0.000048750,0.000001125
1651504455662,2022-05-02T11:14:15.662,10.250,0.000090125,0.000049438,0.000002250
1651504455712,2022-05-02T11:14:15.712,10.300,0.000093000,0.000049438,0.000000000
1651504455762,2022-05-02T11:14:15.762,10.350,0.000091188,0.000050562,0.000003375
1651504455812,2022-05-02T11:14:15.812,10.400,0.000091562,0.000049125,0.000001125
1651504455862,2022-05-02T11:14:15.862,10.450,0.000089750,0.000033812,0.000003000
1651504455912,2022-05-02T11:14:15.912,10.500,0.000092625,0.000049125,0.000000375
1651504455962,2022-05-02T11:14:15.962,10.550,0.000091188,0.000049125,0.000001875
1651504456012,2022-05-02T11:14:16.012,10.600,0.000090813,0.000049813,0.000003750
1651504456062,2022-05-02T11:14:16.062,10.650,0.000091562,0.000046938,0.000002250
1651504456112,2022-05-02T11:14:16.112,10.700,0.000092625,0.000043625,0.000003000
1651504456162,2022-05-02T11:14:16.162,10.750,0.000091562,0.000041812,0.000003000
1651504456212,2022-05-02T11:14:16.212,10.800,0.000090437,0.000043625,0.000004125
1651504456262,2022-05-02T11:14:16.262,10.850,0.000092250,0.000046938,0.000003000
1651504456312,2022-05-02T11:14:16.312,10.900,0.000091938,0.000037438,0.000004125
1651504456362,2022-05-02T11:14:16.362,10.950,0.000091562,0.000049438,0.000003000
1651504456412,2022-05-02T11:14:16.412,11.000,0.000092625,0.000047625,0.000002625
1651504456462,2022-05-02T11:14:16.462,11.050,0.000091188,0.000049438,0.000002250
1651504456512,2022-05-02T11:14:16.512,11.100,0.000091938,0.000048750,0.000001500
1651504456562,2022-05-02T11:14:16.562,11.150,0.000091562,0.000049813,0.000002250
1651504456612,2022-05-02T11:14:16.612,11.200,0.000091562,0.000048750,0.000001125
1651504456662,2022-05-02T11:14:16.662,11.250,0.000092250,0.000033812,0.000001500
1651504456712,2022-05-02T11:14:16.712,11.300,0.000091562,0.000049813,-0.000000375
1651504456762,2022-05-02T11:14:16.762,11.350,0.000091188,0.000047625,0.000001875
1651504456812,2022-05-02T11:14:16.812,11.400,0.000090813,0.000049813,0.000001500
1651504456862,2022-05-02T11:14:16.862,11.450,0.000091562,0.000049438,0.000001500
1651504456912,2022-05-02T11:14:16.912,11.500,0.000091938,0.000050188,0.000001125
1651504456962,2022-05-02T11:14:16.962,11.550,0.000092625,0.000049125,0.000000375
1651504457012,2022-05-02T11:14:17.012,11.600,0.000092625,0.000050562,0.000000750
1651504457062,2022-05-02T11:14:17.062,11.650,0.000090125,0.000048375,0.000001125
1651504457112,2022-05-02T11:14:17.112,11.700,0.000089375,0.000035312,-0.000001125
1651504457162,2022-05-02T11:14:17.162,11.750,0.000090813,0.000049438,-0.000000375
1651504457212,2022-05-02T11:14:17.212,11.800,0.000090437,0.000046938,-0.000001875
1651504457262,2022-05-02T11:14:17.262,11.850,0.000091562,0.000049813,0.000000375
1651504457312,2022-05-02T11:14:17.312,11.900,0.000090813,0.000049125,0.000000000
1651504457362,2022-05-02T11:14:17.362,11.950,0.000090125,0.000047250,0.000000375
1651504457412,2022-05-02T11:14:17.412,12.000,0.000090813,0.000049438,0.000000000
1651504457462,2022-05-02T11:14:17.462,12.050,0.000092625,0.000049438,0.000000750
1651504457512,2022-05-02T11:14:17.512,12.100,0.000091188,0.000048750,-0.000002250
1651504457562,2022-05-02T11:14:17.562,12.150,0.000090125,0.000047625,0.000000750
1651504457612,2022-05-02T11:14:17.612,12.200,0.000090500,0.000049438,0.000000375
1651504457662,2022-05-02T11:14:17.662,12.250,0.000091188,0.000048375,0.000000750
1651504457712,2022-05-02T11:14:17.712,12.300,0.000091562,0.000048375,0.000001500
1651504457762,2022-05-02T11:14:17.762,12.350,0.000091938,0.000048750,0.000000750
1651504457812,2022-05-02T11:14:17.812,12.400,0.000091938,0.000049125,0.000002625
1651504457862,2022-05-02T11:14:17.862,12.450,0.000093000,0.000048375,0.000001125
1651504457912,2022-05-02T11:14:17.912,12.500,0.000092625,0.000039313,0.000002250
1651504457962,2022-05-02T11:14:17.962,12.550,0.000093375,0.000049813,0.000002625
1651504458012,2022-05-02T11:14:18.012,12.600,0.000091938,0.000048750,0.000003750
1651504458062,2022-05-02T11:14:18.062,12.650,0.000092625,0.000048375,0.000006437
1651504458112,2022-05-02T11:14:18.112,12.700,0.000090813,0.000048375,0.000005250
1651504458162,2022-05-02T11:14:18.162,12.750,0.000093000,0.000049125,0.000006813
1651504458212,2022-05-02T11:14:18.212,12.800,0.000093375,0.000048750,0.000005250
1651504458262,2022-05-02T11:14:18.262,12.850,0.000094125,0.000049438,0.000006813
1651504458312,2022-05-02T11:14:18.312,12.900,0.000092625,0.000050188,0.000006813
1651504458362,2022-05-02T11:14:18.362,12.950,0.000093375,0.000045438,0.000007562
1651504458412,2022-05-02T11:14:18.412,13.000,0.000093375,0.000049438,0.000006813
1651504458462,2022-05-02T11:14:18.462,13.050,0.000092312,0.000049813,0.000005625
1651504458512,2022-05-02T11:14:18.512,13.100,0.000093750,0.000050188,0.000007562
1651504458562,2022-05-02T11:14:18.562,13.150,0.000093000,0.000050937,0.000006813
1651504458612,2022-05-02T11:14:18.612,13.200,0.000093375,0.000044000,0.000007938
1651504458662,2022-05-02T11:14:18.662,13.250,0.000093000,0.000047250,0.000006062
1651504458712,2022-05-02T11:14:18.712,13.300,0.000093750,0.000037813,0.000006813
1651504458762,2022-05-02T11:14:18.762,13.350,0.000093750,0.000049125,0.000004500
1651504458812,2022-05-02T11:14:18.812,13.400,0.000092625,0.000047625,0.000004125
1651504458862,2022-05-02T11:14:18.862,13.450,0.000091188,0.000049125,0.000005250
1651504458912,2022-05-02T11:14:18.912,13.500,0.000092625,0.000049438,0.000001875
1651504458962,2022-05-02T11:14:18.962,13.550,0.000092625,0.000049438,0.000003750
1651504459012,2022-05-02T11:14:19.012,13.600,0.000091938,0.000050562,0.000003375
1651504459062,2022-05-02T11:14:19.062,13.650,0.000092625,0.000049438,0.000002625
1651504459112,2022-05-02T11:14:19.112,13.700,0.000092625,0.000049438,0.000002250
1651504459162,2022-05-02T11:14:19.162,13.750,0.000091188,0.000042563,0.000001875
1651504459212,2022-05-02T11:14:19.212,13.800,0.000091938,0.000049813,0.000001500
1651504459262,2022-05-02T11:14:19.262,13.850,0.000092312,0.000048000,0.000001500
1651504459312,2022-05-02T11:14:19.312,13.900,0.000092625,0.000048375,0.000003375
1651504459362,2022-05-02T11:14:19.362,13.950,0.000089000,0.000046187,0.000000375
1651504459412,2022-05-02T11:14:19.412,14.000,0.000091562,0.000044750,0.000001875
1651504459462,2022-05-02T11:14:19.462,14.050,0.000091938,0.000036375,0.000000375
1651504459512,2022-05-02T11:14:19.512,14.100,0.000092312,0.000038938,0.000002250
1651504459562,2022-05-02T11:14:19.562,14.150,0.000091938,0.000043312,0.000000375
1651504459612,2022-05-02T11:14:19.612,14.200,0.000091938,0.000049125,0.000001125
1651504459662,2022-05-02T11:14:19.662,14.250,0.000093375,0.000049125,0.000002625
1651504459712,2022-05-02T11:14:19.712,14.300,0.000090813,0.000047625,0.000001875
1651504459762,2022-05-02T11:14:19.762,14.350,0.000092625,0.000048750,0.000002625
1651504459812,2022-05-02T11:14:19.812,14.400,0.000093375,0.000050937,0.000003375
1651504459862,2022-05-02T11:14:19.862,14.450,0.000096312,0.000050937,0.000003750
1651504459912,2022-05-02T11:14:19.912,14.500,0.000097375,0.000050188,0.000003375
1651504459962,2022-05-02T11:14:19.962,14.550,0.000098813,0.000036750,0.000004125
1651504460012,2022-05-02T11:14:20.012,14.600,0.000098438,0.000050937,0.000004125
1651504460062,2022-05-02T11:14:20.062,14.650,0.000101375,0.000050937,0.000003000
1651504460112,2022-05-02T11:14:20.112,14.700,0.000102125,0.000052000,0.000004125
1651504460162,2022-05-02T11:14:20.162,14.750,0.000102438,0.000051625,0.000003750
1651504460212,2022-05-02T11:14:20.212,14.800,0.000105000,0.000051250,0.000004875
1651504460262,2022-05-02T11:14:20.262,14.850,0.000103937,0.000051625,0.000004875
1651504460312,2022-05-02T11:14:20.312,14.900,0.000106812,0.000051250,0.000009062
1651504460362,2022-05-02T11:14:20.362,14.950,0.000108625,0.000050937,0.000007938
1651504460412,2022-05-02T11:14:20.412,15.000,0.000108250,0.000049125,0.000009813
1651504460462,2022-05-02T11:14:20.462,15.050,0.000106812,0.000048750,0.000010563
1651504460512,2022-05-02T11:14:20.512,15.100,0.000107562,0.000049438,0.000012125
1651504460562,2022-05-02T11:14:20.562,15.150,0.000107562,0.000050562,0.000014000
1651504460612,2022-05-02T11:14:20.612,15.200,0.000107188,0.000050937,0.000012125
1651504460662,2022-05-02T11:14:20.662,15.250,0.000106812,0.000050562,0.000014000
1651504460712,2022-05-02T11:14:20.712,15.300,0.000105750,0.000049125,0.000013250
1651504460762,2022-05-02T11:14:20.762,15.350,0.000105000,0.000040375,0.000013250
1651504460812,2022-05-02T11:14:20.812,15.400,0.000103563,0.000051250,0.000012500
1651504460862,2022-05-02T11:14:20.862,15.450,0.000102812,0.000051250,0.000010937
1651504460912,2022-05-02T11:14:20.912,15.500,0.000102125,0.000051250,0.000009062
1651504460962,2022-05-02T11:14:20.962,15.550,0.000100625,0.000051250,0.000007188
1651504461012,2022-05-02T11:14:21.012,15.600,0.000101375,0.000051625,0.000005625
1651504461062,2022-05-02T11:14:21.062,15.650,0.000100625,0.000050562,0.000003750
1651504461112,2022-05-02T11:14:21.112,15.700,0.000100250,0.000051625,0.000003375
1651504461162,2022-05-02T11:14:21.162,15.750,0.000098438,0.000052375,0.000001125
1651504461212,2022-05-02T11:14:21.212,15.800,0.000097750,0.000049438,0.000001875
1651504461262,2022-05-02T11:14:21.262,15.850,0.000096625,0.000051625,0.000000000
1651504461312,2022-05-02T11:14:21.312,15.900,0.000097000,0.000049125,-0.000001125
1651504461362,2022-05-02T11:14:21.362,15.950,0.000096625,0.000051250,0.000000750
1651504461412,2022-05-02T11:14:21.412,16.000,0.000093750,0.000049813,-0.000000750
1651504461462,2022-05-02T11:14:21.462,16.050,0.000095563,0.000041125,0.000001125
1651504461512,2022-05-02T11:14:21.512,16.100,0.000093750,0.000050188,0.000000375
1651504461562,2022-05-02T11:14:21.562,16.150,0.000095187,0.000038938,0.000003000
1651504461612,2022-05-02T11:14:21.612,16.200,0.000094500,0.000050562,0.000001500
1651504461662,2022-05-02T11:14:21.662,16.250,0.000093375,0.000050188,0.000000375
1651504461712,2022-05-02T11:14:21.712,16.300,0.000095563,0.000050188,0.000001875
1651504461762,2022-05-02T11:14:21.762,16.350,0.000094813,0.000051250,-0.000000375
1651504461812,2022-05-02T11:14:21.812,16.400,0.000093750,0.000049438,0.000000750
1651504461862,2022-05-02T11:14:21.862,16.450,0.000091188,0.000048750,-0.000001125
1651504461912,2022-05-02T11:14:21.912,16.500,0.000092312,0.000049438,-0.000000750
1651504461962,2022-05-02T11:14:21.962,16.550,0.000092625,0.000049125,0.000000375
1651504462012,2022-05-02T11:14:22.012,16.600,0.000091188,0.000043250,0.000001125
1651504462062,2022-05-02T11:14:22.062,16.650,0.000090125,0.000049125,0.000001500
1651504462112,2022-05-02T11:14:22.112,16.700,0.000089750,0.000048000,0.000001500
1651504462162,2022-05-02T11:14:22.162,16.750,0.000090813,0.000048750,0.000003000
1651504462212,2022-05-02T11:14:22.212,16.800,0.000091188,0.000049813,0.000000375
1651504462262,2022-05-02T11:14:22.262,16.850,0.000092625,0.000047625,0.000003000
1651504462312,2022-05-02T11:14:22.312,16.900,0.000090437,0.000048750,0.000001875
1651504462362,2022-05-02T11:14:22.362,16.950,0.000092250,0.000036375,0.000002625
1651504462412,2022-05-02T11:14:22.412,17.000,0.000091188,0.000048375,0.000001500
1651504462462,2022-05-02T11:14:22.462,17.050,0.000090437,0.000045125,0.000001875
1651504462512,2022-05-02T11:14:22.512,17.100,0.000090813,0.000044375,0.000004500
1651504462562,2022-05-02T11:14:22.562,17.150,0.000091562,0.000041812,0.000004125
1651504462612,2022-05-02T11:14:22.612,17.200,0.000091562,0.000040375,0.000005250
1651504462662,2022-05-02T11:14:22.662,17.250,0.000089750,0.000048000,0.000004875
1651504462712,2022-05-02T11:14:22.712,17.300,0.000091562,0.000044750,0.000004125
1651504462762,2022-05-02T11:14:22.762,17.350,0.000089750,0.000046187,0.000004125
1651504462812,2022-05-02T11:14:22.812,17.400,0.000090125,0.000037125,0.000002625
1651504462862,2022-05-02T11:14:22.862,17.450,0.000090813,0.000048375,0.000002625
1651504462912,2022-05-02T11:14:22.912,17.500,0.000089375,0.000046938,0.000000750
1651504462962,2022-05-02T11:14:22.962,17.550,0.000089375,0.000048750,0.000001875
1651504463012,2022-05-02T11:14:23.012,17.600,0.000089375,0.000048750,-0.000000375
1651504463062,2022-05-02T11:14:23.062,17.650,0.000089000,0.000048375,-0.000000375
1651504463112,2022-05-02T11:14:23.112,17.700,0.000089000,0.000049438,0.000000000
1651504463162,2022-05-02T11:14:23.162,17.750,0.000091562,0.000031312,0.000001875
1651504463212,2022-05-02T11:14:23.212,17.800,0.000089375,0.000048000,-0.000000750
1651504463262,2022-05-02T11:14:23.262,17.850,0.000089000,0.000047250,-0.000000375
1651504463312,2022-05-02T11:14:23.312,17.900,0.000090500,0.000048750,0.000001875
1651504463362,2022-05-02T11:14:23.362,17.950,0.000090437,0.000046938,0.000000000
1651504463412,2022-05-02T11:14:23.412,18.000,0.000089000,0.000047625,0.000002250
1651504463462,2022-05-02T11:14:23.462,18.050,0.000089375,0.000048375,0.000002250
1651504463512,2022-05-02T11:14:23.512,18.100,0.000090125,0.000049125,0.000001875
1651504463562,2022-05-02T11:14:23.562,18.150,0.000091562,0.000045438,0.000001500
1651504463612,2022-05-02T11:14:23.612,18.200,0.000090437,0.000037125,0.000001125
1651504463662,2022-05-02T11:14:23.662,18.250,0.000089375,0.000047625,0.000001500
1651504463712,2022-05-02T11:14:23.712,18.300,0.000091562,0.000046938,0.000001875
1651504463762,2022-05-02T11:14:23.762,18.350,0.000089750,0.000049813,0.000001875
1651504463812,2022-05-02T11:14:23.812,18.400,0.000091562,0.000048375,0.000002250
1651504463862,2022-05-02T11:14:23.862,18.450,0.000089375,0.000048750,0.000003375
1651504463912,2022-05-02T11:14:23.912,18.500,0.000090125,0.000047625,0.000001875
1651504463962,2022-05-02T11:14:23.962,18.550,0.000089375,0.000048375,0.000003000
1651504464012,2022-05-02T11:14:24.012,18.600,0.000090500,0.000048750,0.000003000
1651504464062,2022-05-02T11:14:24.062,18.650,0.000091188,0.000045438,0.000003750
1651504464112,2022-05-02T11:14:24.112,18.700,0.000090813,0.000049125,0.000002625
1651504464162,2022-05-02T11:14:24.162,18.750,0.000091188,0.000046938,0.000003375
1651504464212,2022-05-02T11:14:24.212,18.800,0.000090437,0.000049813,0.000004125
1651504464262,2022-05-02T11:14:24.262,18.850,0.000091562,0.000049438,0.000003375
1651504464312,2022-05-02T11:14:24.312,18.900,0.000091188,0.000040750,0.000003750
1651504464362,2022-05-02T11:14:24.362,18.950,0.000091562,0.000048375,0.000003000
1651504464412,2022-05-02T11:14:24.412,19.000,0.000091188,0.000036375,0.000003750
1651504464462,2022-05-02T11:14:24.462,19.050,0.000090125,0.000048375,0.000003000
1651504464512,2022-05-02T11:14:24.512,19.100,0.000091562,0.000048000,0.000003375
1651504464562,2022-05-02T11:14:24.562,19.150,0.000089375,0.000048000,0.000003750
1651504464612,2022-05-02T11:14:24.612,19.200,0.000092625,0.000049125,0.000003375
1651504464662,2022-05-02T11:14:24.662,19.250,0.000090437,0.000048375,0.000004125
1651504464712,2022-05-02T11:14:24.712,19.300,0.000091188,0.000048000,0.000001500
1651504464762,2022-05-02T11:14:24.762,19.350,0.000091938,0.000049125,0.000004125
1651504464812,2022-05-02T11:14:24.812,19.400,0.000092312,0.000049813,0.000004125
1651504464862,2022-05-02T11:14:24.862,19.450,0.000091188,0.000044000,0.000003375
1651504464912,2022-05-02T11:14:24.912,19.500,0.000091938,0.000050188,0.000004125
1651504464962,2022-05-02T11:14:24.962,19.550,0.000091562,0.000049125,0.000004125
1651504465012,2022-05-02T11:14:25.012,19.600,0.000091188,0.000049125,0.000004500
1651504465062,2022-05-02T11:14:25.062,19.650,0.000091938,0.000047250,0.000002625
1651504465112,2022-05-02T11:14:25.112,19.700,0.000090813,0.000049813,0.000004875
1651504465162,2022-05-02T11:14:25.162,19.750,0.000091562,0.000049125,0.000002250
1651504465212,2022-05-02T11:14:25.212,19.800,0.000091938,0.000034938,0.000004500
1651504465262,2022-05-02T11:14:25.262,19.850,0.000091562,0.000048750,0.000002625
1651504465312,2022-05-02T11:14:25.312,19.900,0.000091188,0.000048375,0.000004875
1651504465362,2022-05-02T11:14:25.362,19.950,0.000091188,0.000050188,0.000004500
1651504465412,2022-05-02T11:14:25.412,20.000,0.000091562,0.000049813,0.000003000
1651504465462,2022-05-02T11:14:25.462,20.050,0.000092250,0.000049125,0.000004875
1651504465512,2022-05-02T11:14:25.512,20.100,0.000092625,0.000049438,0.000004500
1651504465562,2022-05-02T11:14:25.562,20.150,0.000091938,0.000046187,0.000004125
1651504465612,2022-05-02T11:14:25.612,20.200,0.000090813,0.000047625,0.000004875
1651504465662,2022-05-02T11:14:25.662,20.250,0.000091562,0.000039625,0.000004500
1651504465712,2022-05-02T11:14:25.712,20.300,0.000092625,0.000045125,0.000003375
1651504465762,2022-05-02T11:14:25.762,20.350,0.000092625,0.000042188,0.000003000
1651504465812,2022-05-02T11:14:25.812,20.400,0.000092312,0.000049813,0.000004500
1651504465862,2022-05-02T11:14:25.862,20.450,0.000091562,0.000045438,0.000003750
1651504465912,2022-05-02T11:14:25.912,20.500,0.000092312,0.000049438,0.000004125
1651504465962,2022-05-02T11:14:25.962,20.550,0.000092250,0.000049438,0.000002625
1651504466012,2022-05-02T11:14:26.012,20.600,0.000091938,0.000035625,0.000004125
1651504466062,2022-05-02T11:14:26.062,20.650,0.000090813,0.000050562,0.000001500
1651504466112,2022-05-02T11:14:26.112,20.700,0.000090125,0.000049125,0.000004125
1651504466162,2022-05-02T11:14:26.162,20.750,0.000091188,0.000048750,0.000004500
1651504466212,2022-05-02T11:14:26.212,20.800,0.000091188,0.000045812,0.000003750
1651504466262,2022-05-02T11:14:26.262,20.850,0.000092625,0.000049438,0.000004875
1651504466312,2022-05-02T11:14:26.312,20.900,0.000092250,0.000048750,0.000003000
1651504466362,2022-05-02T11:14:26.362,20.950,0.000093750,0.000049125,0.000003750
1651504466412,2022-05-02T11:14:26.412,21.000,0.000091188,0.000046563,0.000003375
1651504466462,2022-05-02T11:14:26.462,21.050,0.000091938,0.000033125,0.000003375
1651504466512,2022-05-02T11:14:26.512,21.100,0.000090813,0.000049813,0.000004125
1651504466562,2022-05-02T11:14:26.562,21.150,0.000091562,0.000048000,0.000003750
1651504466612,2022-05-02T11:14:26.612,21.200,0.000091938,0.000049125,0.000003750
1651504466662,2022-05-02T11:14:26.662,21.250,0.000091188,0.000048375,0.000001875
1651504466712,2022-05-02T11:14:26.712,21.300,0.000091188,0.000050562,0.000003750
1651504466762,2022-05-02T11:14:26.762,21.350,0.000092250,0.000049813,0.000000750
1651504466812,2022-05-02T11:14:26.812,21.400,0.000092625,0.000049813,0.000004125
1651504466862,2022-05-02T11:14:26.862,21.450,0.000094437,0.000049438,0.000003375
1651504466912,2022-05-02T11:14:26.912,21.500,0.000094437,0.000041437,0.000004500
1651504466962,2022-05-02T11:14:26.962,21.550,0.000092625,0.000051250,0.000004500
1651504467012,2022-05-02T11:14:27.012,21.600,0.000094437,0.000047625,0.000004875
1651504467062,2022-05-02T11:14:27.062,21.650,0.000093750,0.000050937,0.000005250
1651504467112,2022-05-02T11:14:27.112,21.700,0.000094437,0.000050562,0.000004125
1651504467162,2022-05-02T11:14:27.162,21.750,0.000092625,0.000050562,0.000006437
1651504467212,2022-05-02T11:14:27.212,21.800,0.000095938,0.000048750,0.000004500
1651504467262,2022-05-02T11:14:27.262,21.850,0.000093375,0.000033125,0.000006062
1651504467312,2022-05-02T11:14:27.312,21.900,0.000094125,0.000049813,0.000004500
1651504467362,2022-05-02T11:14:27.362,21.950,0.000095187,0.000049438,0.000004500
1651504467412,2022-05-02T11:14:27.412,22.000,0.000093000,0.000049438,0.000005250
1651504467462,2022-05-02T11:14:27.462,22.050,0.000094813,0.000047625,0.000003750
1651504467512,2022-05-02T11:14:27.512,22.100,0.000093375,0.000049438,0.000005625
1651504467562,2022-05-02T11:14:27.562,22.150,0.000093750,0.000050188,0.000004125
1651504467612,2022-05-02T11:14:27.612,22.200,0.000091938,0.000049438,0.000005625
1651504467662,2022-05-02T11:14:27.662,22.250,0.000093750,0.000051625,0.000004125
1651504467712,2022-05-02T11:14:27.712,22.300,0.000093750,0.000046938,0.000004875
1651504467762,2022-05-02T11:14:27.762,22.350,0.000092312,0.000049813,0.000004500
1651504467812,2022-05-02T11:14:27.812,22.400,0.000094125,0.000048750,0.000004500
1651504467862,2022-05-02T11:14:27.862,22.450,0.000092312,0.000050188,0.000005250
1651504467912,2022-05-02T11:14:27.912,22.500,0.000093750,0.000050188,0.000004500
1651504467962,2022-05-02T11:14:27.962,22.550,0.000092312,0.000049438,0.000003750
1651504468012,2022-05-02T11:14:28.012,22.600,0.000093375,0.000049125,0.000003000
1651504468062,2022-05-02T11:14:28.062,22.650,0.000094437,0.000049438,0.000004875
1651504468112,2022-05-02T11:14:28.112,22.700,0.000093750,0.000046938,0.000003000
1651504468162,2022-05-02T11:14:28.162,22.750,0.000092625,0.000039625,0.000004875
1651504468212,2022-05-02T11:14:28.212,22.800,0.000093000,0.000049438,0.000004500
1651504468262,2022-05-02T11:14:28.262,22.850,0.000092625,0.000049813,0.000003750
1651504468312,2022-05-02T11:14:28.312,22.900,0.000092312,0.000047625,0.000004875
1651504468362,2022-05-02T11:14:28.362,22.950,0.000091562,0.000045438,0.000004125
1651504468412,2022-05-02T11:14:28.412,23.000,0.000092312,0.000043625,0.000005250
1651504468462,2022-05-02T11:14:28.462,23.050,0.000092625,0.000048750,0.000003750
1651504468512,2022-05-02T11:14:28.512,23.100,0.000092625,0.000045125,0.000004500
1651504468562,2022-05-02T11:14:28.562,23.150,0.000093375,0.000048750,0.000004500
1651504468612,2022-05-02T11:14:28.612,23.200,0.000094437,0.000034187,0.000005625
1651504468662,2022-05-02T11:14:28.662,23.250,0.000094437,0.000050188,0.000005250
1651504468712,2022-05-02T11:14:28.712,23.300,0.000095187,0.000048375,0.000003750
1651504468762,2022-05-02T11:14:28.762,23.350,0.000097375,0.000051625,0.000005625
1651504468812,2022-05-02T11:14:28.812,23.400,0.000099937,0.000050562,0.000003750
1651504468862,2022-05-02T11:14:28.862,23.450,0.000100625,0.000050188,0.000004125
1651504468912,2022-05-02T11:14:28.912,23.500,0.000104250,0.000049813,0.000003000
1651504468962,2022-05-02T11:14:28.962,23.550,0.000105750,0.000040375,0.000003750
1651504469012,2022-05-02T11:14:29.012,23.600,0.000105750,0.000050188,0.000004125
1651504469062,2022-05-02T11:14:29.062,23.650,0.000106438,0.000042937,0.000006813
1651504469112,2022-05-02T11:14:29.112,23.700,0.000108250,0.000049813,0.000007562
1651504469162,2022-05-02T11:14:29.162,23.750,0.000108625,0.000046563,0.000007188
1651504469212,2022-05-02T11:14:29.212,23.800,0.000110437,0.000048750,0.000009062
1651504469262,2022-05-02T11:14:29.262,23.850,0.000111188,0.000048750,0.000008687
1651504469312,2022-05-02T11:14:29.312,23.900,0.000111562,0.000049438,0.000011687
1651504469362,2022-05-02T11:14:29.362,23.950,0.000111188,0.000049438,0.000011750
1651504469412,2022-05-02T11:14:29.412,24.000,0.000111938,0.000033125,0.000013625
1651504469462,2022-05-02T11:14:29.462,24.050,0.000110437,0.000048750,0.000014375
1651504469512,2022-05-02T11:14:29.512,24.100,0.000111188,0.000046563,0.000014750
1651504469562,2022-05-02T11:14:29.562,24.150,0.000110125,0.000048000,0.000015875
1651504469612,2022-05-02T11:14:29.612,24.200,0.000109750,0.000047625,0.000016250
1651504469662,2022-05-02T11:14:29.662,24.250,0.000110437,0.000048750,0.000017812
1651504469712,2022-05-02T11:14:29.712,24.300,0.000111188,0.000048750,0.000017375
1651504469762,2022-05-02T11:14:29.762,24.350,0.000109750,0.000048375,0.000015875
1651504469812,2022-05-02T11:14:29.812,24.400,0.000108250,0.000048000,0.000014000
1651504469862,2022-05-02T11:14:29.862,24.450,0.000107562,0.000044375,0.000012125
1651504469912,2022-05-02T11:14:29.912,24.500,0.000107937,0.000050188,0.000010563
1651504469962,2022-05-02T11:14:29.962,24.550,0.000104625,0.000049438,0.000006813
1651504470012,2022-05-02T11:14:30.012,24.600,0.000103937,0.000050937,0.000005625
1651504470062,2022-05-02T11:14:30.062,24.650,0.000102438,0.000052000,0.000003750
1651504470112,2022-05-02T11:14:30.112,24.700,0.000101000,0.000051250,0.000003750
1651504470162,2022-05-02T11:14:30.162,24.750,0.000097000,0.000050937,0.000000000
1651504470212,2022-05-02T11:14:30.212,24.800,0.000097000,0.000050937,0.000000375
1651504470262,2022-05-02T11:14:30.262,24.850,0.000095938,0.000050188,-0.000002625
1651504470312,2022-05-02T11:14:30.312,24.900,0.000094813,0.000040375,0.000000000
1651504470362,2022-05-02T11:14:30.362,24.950,0.000094125,0.000049438,-0.000001125
1651504470412,2022-05-02T11:14:30.412,25.000,0.000094125,0.000049438,-0.000002625
1651504470462,2022-05-02T11:14:30.462,25.050,0.000093750,0.000050937,-0.000000375
1651504470512,2022-05-02T11:14:30.512,25.100,0.000093375,0.000051250,-0.000001500
1651504470562,2022-05-02T11:14:30.562,25.150,0.000093750,0.000048750,0.000002625
1651504470612,2022-05-02T11:14:30.612,25.200,0.000093375,0.000049813,0.000003750
1651504470662,2022-05-02T11:14:30.662,25.250,0.000091562,0.000049813,0.000004875
1651504470712,2022-05-02T11:14:30.712,25.300,0.000092625,0.000049125,0.000005250
1651504470762,2022-05-02T11:14:30.762,25.350,0.000093000,0.000039313,0.000008312
1651504470812,2022-05-02T11:14:30.812,25.400,0.000092625,0.000049438,0.000007188
1651504470862,2022-05-02T11:14:30.862,25.450,0.000092250,0.000045438,0.000005250
1651504470912,2022-05-02T11:14:30.912,25.500,0.000092250,0.000046187,0.000008312
1651504470962,2022-05-02T11:14:30.962,25.550,0.000091188,0.000044000,0.000006062
1651504471012,2022-05-02T11:14:31.012,25.600,0.000094437,0.000046187,0.000008312
1651504471062,2022-05-02T11:14:31.062,25.650,0.000094125,0.000044750,0.000006813
1651504471112,2022-05-02T11:14:31.112,25.700,0.000093375,0.000035625,0.000008312
1651504471162,2022-05-02T11:14:31.162,25.750,0.000093750,0.000050188,0.000007188
1651504471212,2022-05-02T11:14:31.212,25.800,0.000092312,0.000044750,0.000007938
1651504471262,2022-05-02T11:14:31.262,25.850,0.000092625,0.000048375,0.000009062
1651504471312,2022-05-02T11:14:31.312,25.900,0.000093750,0.000048750,0.000009813
1651504471362,2022-05-02T11:14:31.362,25.950,0.000093750,0.000046938,0.000010563
1651504471412,2022-05-02T11:14:31.412,26.000,0.000094125,0.000049438,0.000010188
1651504471462,2022-05-02T11:14:31.462,26.050,0.000093750,0.000048375,0.000009813
1651504471512,2022-05-02T11:14:31.512,26.100,0.000093000,0.000048750,0.000009062
1651504471562,2022-05-02T11:14:31.562,26.150,0.000091938,0.000034187,0.000010188
1651504471612,2022-05-02T11:14:31.612,26.200,0.000092312,0.000047625,0.000008687
1651504471662,2022-05-02T11:14:31.662,26.250,0.000093375,0.000047250,0.000006437
1651504471712,2022-05-02T11:14:31.712,26.300,0.000091188,0.000050562,0.000006437
1651504471762,2022-05-02T11:14:31.762,26.350,0.000091188,0.000046563,0.000003375
1651504471812,2022-05-02T11:14:31.812,26.400,0.000090813,0.000049125,0.000003375
1651504471862,2022-05-02T11:14:31.862,26.450,0.000091562,0.000049125,0.000002250
1651504471912,2022-05-02T11:14:31.912,26.500,0.000088625,0.000049125,0.000001875
1651504471962,2022-05-02T11:14:31.962,26.550,0.000091188,0.000049125,0.000000750
1651504472012,2022-05-02T11:14:32.012,26.600,0.000090125,0.000041437,0.000002625
1651504472062,2022-05-02T11:14:32.062,26.650,0.000090813,0.000049438,0.000002625
1651504472112,2022-05-02T11:14:32.112,26.700,0.000090813,0.000049125,0.000002250
1651504472162,2022-05-02T11:14:32.162,26.750,0.000089750,0.000049438,0.000004125
1651504472212,2022-05-02T11:14:32.212,26.800,0.000091188,0.000048000,0.000003000
1651504472262,2022-05-02T11:14:32.262,26.850,0.000090437,0.000048750,0.000003375
1651504472312,2022-05-02T11:14:32.312,26.900,0.000089375,0.000048375,0.000002250
1651504472362,2022-05-02T11:14:32.362,26.950,0.000090125,0.000046563,0.000004125
1651504472412,2022-05-02T11:14:32.412,27.000,0.000090125,0.000046563,0.000001500
1651504472462,2022-05-02T11:14:32.462,27.050,0.000090813,0.000038187,0.000001500
1651504472512,2022-05-02T11:14:32.512,27.100,0.000091188,0.000046938,0.000001500
1651504472562,2022-05-02T11:14:32.562,27.150,0.000090125,0.000047625,0.000001875
1651504472612,2022-05-02T11:14:32.612,27.200,0.000090437,0.000048375,0.000003000
1651504472662,2022-05-02T11:14:32.662,27.250,0.000090437,0.000047625,0.000002250
1651504472712,2022-05-02T11:14:32.712,27.300,0.000091562,0.000048000,0.000003000
1651504472762,2022-05-02T11:14:32.762,27.350,0.000090437,0.000047625,0.000000750
1651504472812,2022-05-02T11:14:32.812,27.400,0.000090125,0.000048375,0.000002250
1651504472862,2022-05-02T11:14:32.862,27.450,0.000090813,0.000048375,0.000001875
1651504472912,2022-05-02T11:14:32.912,27.500,0.000089750,0.000044375,0.000001875
1651504472962,2022-05-02T11:14:32.962,27.550,0.000090500,0.000047250,0.000002250
1651504473012,2022-05-02T11:14:33.012,27.600,0.000090813,0.000048750,0.000001875
1651504473062,2022-05-02T11:14:33.062,27.650,0.000090125,0.000048750,0.000003000
1651504473112,2022-05-02T11:14:33.112,27.700,0.000090437,0.000048000,0.000000750
1651504473162,2022-05-02T11:14:33.162,27.750,0.000090125,0.000049438,0.000003375
1651504473212,2022-05-02T11:14:33.212,27.800,0.000091938,0.000048750,0.000001500
1651504473262,2022-05-02T11:14:33.262,27.850,0.000090813,0.000034938,0.000004125
1651504473312,2022-05-02T11:14:33.312,27.900,0.000090500,0.000049438,0.000001500
1651504473362,2022-05-02T11:14:33.362,27.950,0.000090813,0.000047250,0.000001500
1651504473412,2022-05-02T11:14:33.412,28.000,0.000090437,0.000049438,0.000003375
1651504473462,2022-05-02T11:14:33.462,28.050,0.000091188,0.000047625,0.000003750
1651504473512,2022-05-02T11:14:33.512,28.100,0.000090437,0.000044375,0.000004500
1651504473562,2022-05-02T11:14:33.562,28.150,0.000090437,0.000044000,0.000003000
1651504473612,2022-05-02T11:14:33.612,28.200,0.000089750,0.000039625,0.000003750
1651504473662,2022-05-02T11:14:33.662,28.250,0.000091938,0.000045438,0.000003375
1651504473712,2022-05-02T11:14:33.712,28.300,0.000090125,0.000034938,0.000004125
1651504473762,2022-05-02T11:14:33.762,28.350,0.000091562,0.000048000,0.000001500
1651504473812,2022-05-02T11:14:33.812,28.400,0.000090813,0.000048375,0.000001500
1651504473862,2022-05-02T11:14:33.862,28.450,0.000089750,0.000049125,0.000003375
1651504473912,2022-05-02T11:14:33.912,28.500,0.000091188,0.000047250,0.000001125
1651504473962,2022-05-02T11:14:33.962,28.550,0.000090813,0.000048750,0.000002625
1651504474012,2022-05-02T11:14:34.012,28.600,0.000091562,0.000048000,0.000002250
1651504474062,2022-05-02T11:14:34.062,28.650,0.000091938,0.000043250,0.000002625
1651504474112,2022-05-02T11:14:34.112,28.700,0.000090813,0.000047625,0.000001500
1651504474162,2022-05-02T11:14:34.162,28.750,0.000091188,0.000039313,0.000003000
1651504474212,2022-05-02T11:14:34.212,28.800,0.000091188,0.000048750,0.000002250
1651504474262,2022-05-02T11:14:34.262,28.850,0.000090813,0.000046563,0.000002625
1651504474312,2022-05-02T11:14:34.312,28.900,0.000090437,0.000049125,0.000002625
1651504474362,2022-05-02T11:14:34.362,28.950,0.000090437,0.000046938,0.000002250
1651504474412,2022-05-02T11:14:34.412,29.000,0.000091562,0.000048750,0.000003375
1651504474462,2022-05-02T11:14:34.462,29.050,0.000091562,0.000048750,0.000002250
1651504474512,2022-05-02T11:14:34.512,29.100,0.000091562,0.000037438,0.000003375
1651504474562,2022-05-02T11:14:34.562,29.150,0.000090813,0.000048375,0.000003375
1651504474612,2022-05-02T11:14:34.612,29.200,0.000091938,0.000047625,0.000002250
1651504474662,2022-05-02T11:14:34.662,29.250,0.000091188,0.000048375,0.000002625
1651504474712,2022-05-02T11:14:34.712,29.300,0.000089750,0.000049438,0.000001875
1651504474762,2022-05-02T11:14:34.762,29.350,0.000091562,0.000049438,0.000001875
1651504474812,2022-05-02T11:14:34.812,29.400,0.000091188,0.000049125,0.000002250
1651504474862,2022-05-02T11:14:34.862,29.450,0.000093000,0.000049813,0.000003375
1651504474912,2022-05-02T11:14:34.912,29.500,0.000092312,0.000047625,0.000001875
1651504474962,2022-05-02T11:14:34.962,29.550,0.000092625,0.000046563,0.000003375
1651504475012,2022-05-02T11:14:35.012,29.600,0.000093000,0.000049438,0.000003750
1651504475062,2022-05-02T11:14:35.062,29.650,0.000092625,0.000048750,0.000004500
1651504475112,2022-05-02T11:14:35.112,29.700,0.000091938,0.000049813,0.000005625
1651504475162,2022-05-02T11:14:35.162,29.750,0.000093000,0.000048000,0.000005250
1651504475212,2022-05-02T11:14:35.212,29.800,0.000094437,0.000048750,0.000006062
1651504475262,2022-05-02T11:14:35.262,29.850,0.000093000,0.000050188,0.000006062
1651504475312,2022-05-02T11:14:35.312,29.900,0.000093750,0.000048000,0.000007562
1651504475362,2022-05-02T11:14:35.362,29.950,0.000094437,0.000048750,0.000004875
1651504475412,2022-05-02T11:14:35.412,30.000,0.000095938,0.000037125,0.000009062
1651504475462,2022-05-02T11:14:35.462,30.050,0.000094813,0.000049813,0.000009062
1651504475512,2022-05-02T11:14:35.512,30.100,0.000095563,0.000049125,0.000010563
1651504475562,2022-05-02T11:14:35.562,30.150,0.000096250,0.000049438,0.000011687
1651504475612,2022-05-02T11:14:35.612,30.200,0.000097000,0.000048375,0.000010188
1651504475662,2022-05-02T11:14:35.662,30.250,0.000098125,0.000049438,0.000013250
1651504475712,2022-05-02T11:14:35.712,30.300,0.000098438,0.000050562,0.000012500
1651504475762,2022-05-02T11:14:35.762,30.350,0.000098125,0.000049438,0.000012125
1651504475812,2022-05-02T11:14:35.812,30.400,0.000098438,0.000049813,0.000014000
1651504475862,2022-05-02T11:14:35.862,30.450,0.000099563,0.000040375,0.000012875
1651504475912,2022-05-02T11:14:35.912,30.500,0.000098438,0.000049813,0.000013250
1651504475962,2022-05-02T11:14:35.962,30.550,0.000098125,0.000049438,0.000011687
1651504476012,2022-05-02T11:14:36.012,30.600,0.000097000,0.000049438,0.000013250
1651504476062,2022-05-02T11:14:36.062,30.650,0.000096625,0.000049438,0.000010563
1651504476112,2022-05-02T11:14:36.112,30.700,0.000096625,0.000050188,0.000012875
1651504476162,2022-05-02T11:14:36.162,30.750,0.000098813,0.000047250,0.000009438
1651504476212,2022-05-02T11:14:36.212,30.800,0.000098438,0.000036375,0.000010563
1651504476262,2022-05-02T11:14:36.262,30.850,0.000097000,0.000043625,0.000007188
1651504476312,2022-05-02T11:14:36.312,30.900,0.000095938,0.000047625,0.000006437
1651504476362,2022-05-02T11:14:36.362,30.950,0.000096312,0.000045125,0.000006437
1651504476412,2022-05-02T11:14:36.412,31.000,0.000098438,0.000050188,0.000005250
1651504476462,2022-05-02T11:14:36.462,31.050,0.000098438,0.000051625,0.000004125
1651504476512,2022-05-02T11:14:36.512,31.100,0.000098125,0.000050937,0.000003750
1651504476562,2022-05-02T11:14:36.562,31.150,0.000097000,0.000049813,0.000003375
1651504476612,2022-05-02T11:14:36.612,31.200,0.000098438,0.000048750,0.000003375
1651504476662,2022-05-02T11:14:36.662,31.250,0.000099187,0.000036375,0.000004500
1651504476712,2022-05-02T11:14:36.712,31.300,0.000098438,0.000050562,0.000004125
1651504476762,2022-05-02T11:14:36.762,31.350,0.000098438,0.000050937,0.000002625
1651504476812,2022-05-02T11:14:36.812,31.400,0.000098438,0.000051625,0.000003000
1651504476862,2022-05-02T11:14:36.862,31.450,0.000099187,0.000052375,0.000001500
1651504476912,2022-05-02T11:14:36.912,31.500,0.000098438,0.000050562,0.000001875
1651504476962,2022-05-02T11:14:36.962,31.550,0.000098813,0.000051625,0.000000750
1651504477012,2022-05-02T11:14:37.012,31.600,0.000100625,0.000050937,0.000003000
1651504477062,2022-05-02T11:14:37.062,31.650,0.000099937,0.000050937,0.000000000
1651504477112,2022-05-02T11:14:37.112,31.700,0.000101750,0.000039625,0.000001875
1651504477162,2022-05-02T11:14:37.162,31.750,0.000103563,0.000051250,0.000001500
1651504477212,2022-05-02T11:14:37.212,31.800,0.000106812,0.000046563,0.000002250
1651504477262,2022-05-02T11:14:37.262,31.850,0.000107937,0.000050562,0.000005250
1651504477312,2022-05-02T11:14:37.312,31.900,0.000108250,0.000050188,0.000005250
1651504477362,2022-05-02T11:14:37.362,31.950,0.000108625,0.000049125,0.000008312
1651504477412,2022-05-02T11:14:37.412,32.000,0.000110812,0.000049813,0.000007562
1651504477462,2022-05-02T11:14:37.462,32.050,0.000109375,0.000037125,0.000009438
1651504477512,2022-05-02T11:14:37.512,32.100,0.000110812,0.000049438,0.000008312
1651504477562,2022-05-02T11:14:37.562,32.150,0.000109375,0.000046187,0.000009062
1651504477612,2022-05-02T11:14:37.612,32.200,0.000109750,0.000049125,0.000011312
1651504477662,2022-05-02T11:14:37.662,32.250,0.000109750,0.000048000,0.000011312
1651504477712,2022-05-02T11:14:37.712,32.300,0.000109375,0.000049125,0.000013250
1651504477762,2022-05-02T11:14:37.762,32.350,0.000110437,0.000047625,0.000012125
1651504477812,2022-05-02T11:14:37.812,32.400,0.000109750,0.000049125,0.000014000
1651504477862,2022-05-02T11:14:37.862,32.450,0.000109375,0.000049813,0.000012125
1651504477912,2022-05-02T11:14:37.912,32.500,0.000107937,0.000051250,0.000013625
1651504477962,2022-05-02T11:14:37.962,32.550,0.000105750,0.000051250,0.000012500
1651504478012,2022-05-02T11:14:38.012,32.600,0.000105750,0.000050562,0.000010188
1651504478062,2022-05-02T11:14:38.062,32.650,0.000105000,0.000050188,0.000009062
1651504478112,2022-05-02T11:14:38.112,32.700,0.000103187,0.000050937,0.000006437
1651504478162,2022-05-02T11:14:38.162,32.750,0.000102125,0.000051625,0.000006062
1651504478212,2022-05-02T11:14:38.212,32.800,0.000099563,0.000052750,0.000000750
1651504478262,2022-05-02T11:14:38.262,32.850,0.000097750,0.000051625,0.000002250
1651504478312,2022-05-02T11:14:38.312,32.900,0.000097750,0.000049125,-0.000001125
1651504478362,2022-05-02T11:14:38.362,32.950,0.000097000,0.000038562,0.000000000
1651504478412,2022-05-02T11:14:38.412,33.000,0.000095563,0.000052000,-0.000002250
1651504478462,2022-05-02T11:14:38.462,33.050,0.000096625,0.000050562,-0.000001875
1651504478512,2022-05-02T11:14:38.512,33.100,0.000095938,0.000052000,-0.000002625
1651504478562,2022-05-02T11:14:38.562,33.150,0.000096250,0.000052000,-0.000003000
1651504478612,2022-05-02T11:14:38.612,33.200,0.000093750,0.000051625,-0.000001875
1651504478662,2022-05-02T11:14:38.662,33.250,0.000095187,0.000050188,-0.000001500
1651504478712,2022-05-02T11:14:38.712,33.300,0.000094813,0.000050562,-0.000001500
1651504478762,2022-05-02T11:14:38.762,33.350,0.000091938,0.000049438,-0.000000750
1651504478812,2022-05-02T11:14:38.812,33.400,0.000094125,0.000037438,0.000000375
1651504478862,2022-05-02T11:14:38.862,33.450,0.000093000,0.000045812,0.000000375
1651504478912,2022-05-02T11:14:38.912,33.500,0.000092625,0.000042937,0.000000000
1651504478962,2022-05-02T11:14:38.962,33.550,0.000090813,0.000047250,0.000002250
1651504479012,2022-05-02T11:14:39.012,33.600,0.000089750,0.000041125,0.000000000
1651504479062,2022-05-02T11:14:39.062,33.650,0.000092312,0.000048750,0.000002625
1651504479112,2022-05-02T11:14:39.112,33.700,0.000090437,0.000048000,-0.000000375
1651504479162,2022-05-02T11:14:39.162,33.750,0.000089750,0.000034938,0.000003000
1651504479212,2022-05-02T11:14:39.212,33.800,0.000090500,0.000047625,0.000001500
1651504479262,2022-05-02T11:14:39.262,33.850,0.000090125,0.000043250,0.000001875
1651504479312,2022-05-02T11:14:39.312,33.900,0.000090500,0.000048000,0.000002625
1651504479362,2022-05-02T11:14:39.362,33.950,0.000089000,0.000048375,0.000001500
1651504479412,2022-05-02T11:14:39.412,34.000,0.000090813,0.000047250,0.000001125
1651504479462,2022-05-02T11:14:39.462,34.050,0.000088313,0.000048375,-0.000000375
1651504479512,2022-05-02T11:14:39.512,34.100,0.000089375,0.000048000,0.000000750
1651504479562,2022-05-02T11:14:39.562,34.150,0.000090437,0.000049125,0.000001500
1651504479612,2022-05-02T11:14:39.612,34.200,0.000091188,0.000037813,0.000001125
1651504479662,2022-05-02T11:14:39.662,34.250,0.000090437,0.000048375,0.000001500
1651504479712,2022-05-02T11:14:39.712,34.300,0.000091562,0.000046187,0.000001875
1651504479762,2022-05-02T11:14:39.762,34.350,0.000091188,0.000049813,0.000004500
1651504479812,2022-05-02T11:14:39.812,34.400,0.000090125,0.000048750,0.000003000
1651504479862,2022-05-02T11:14:39.862,34.450,0.000090437,0.000049125,0.000004500
1651504479912,2022-05-02T11:14:39.912,34.500,0.000090125,0.000048375,0.000003375
1651504479962,2022-05-02T11:14:39.962,34.550,0.000090125,0.000049125,0.000004875
1651504480012,2022-05-02T11:14:40.012,34.600,0.000090437,0.000046938,0.000002625
1651504480062,2022-05-02T11:14:40.062,34.650,0.000090500,0.000036750,0.000003375
1651504480112,2022-05-02T11:14:40.112,34.700,0.000090813,0.000048375,0.000003000
1651504480162,2022-05-02T11:14:40.162,34.750,0.000090125,0.000047250,0.000003375
1651504480212,2022-05-02T11:14:40.212,34.800,0.000090813,0.000046563,0.000003750
1651504480262,2022-05-02T11:14:40.262,34.850,0.000091188,0.000047625,0.000003375
1651504480312,2022-05-02T11:14:40.312,34.900,0.000089000,0.000048000,0.000003375
1651504480362,2022-05-02T11:14:40.362,34.950,0.000090125,0.000049813,0.000002625
1651504480412,2022-05-02T11:14:40.412,35.000,0.000092625,0.000035625,0.000003375
1651504480462,2022-05-02T11:14:40.462,35.050,0.000092312,0.000048375,0.000002250
1651504480512,2022-05-02T11:14:40.512,35.100,0.000091938,0.000044750,0.000002250
1651504480562,2022-05-02T11:14:40.562,35.150,0.000090500,0.000048375,0.000002625
1651504480612,2022-05-02T11:14:40.612,35.200,0.000091938,0.000047250,0.000001875
1651504480662,2022-05-02T11:14:40.662,35.250,0.000090125,0.000048375,0.000003750
1651504480712,2022-05-02T11:14:40.712,35.300,0.000092625,0.000047625,0.000002250
1651504480762,2022-05-02T11:14:40.762,35.350,0.000092625,0.000048375,0.000003375
1651504480812,2022-05-02T11:14:40.812,35.400,0.000090813,0.000047625,0.000001125
1651504480862,2022-05-02T11:14:40.862,35.450,0.000089000,0.000047250,0.000002625
1651504480912,2022-05-02T11:14:40.912,35.500,0.000090813,0.000049438,0.000001500
1651504480962,2022-05-02T11:14:40.962,35.550,0.000092312,0.000047250,0.000003000
1651504481012,2022-05-02T11:14:41.012,35.600,0.000091938,0.000048750,0.000003375
1651504481062,2022-05-02T11:14:41.062,35.650,0.000092312,0.000048000,0.000003000
1651504481112,2022-05-02T11:14:41.112,35.700,0.000093375,0.000048375,0.000002250
1651504481162,2022-05-02T11:14:41.162,35.750,0.000091188,0.000049125,0.000000375
1651504481212,2022-05-02T11:14:41.212,35.800,0.000091938,0.000048375,0.000004125
1651504481262,2022-05-02T11:14:41.262,35.850,0.000090125,0.000048000,0.000001500
1651504481312,2022-05-02T11:14:41.312,35.900,0.000091562,0.000039625,0.000001875
1651504481362,2022-05-02T11:14:41.362,35.950,0.000092312,0.000049125,0.000001500
1651504481412,2022-05-02T11:14:41.412,36.000,0.000091562,0.000048750,0.000002250
1651504481462,2022-05-02T11:14:41.462,36.050,0.000090125,0.000049813,0.000001500
1651504481512,2022-05-02T11:14:41.512,36.100,0.000090813,0.000050188,0.000003000
1651504481562,2022-05-02T11:14:41.562,36.150,0.000090125,0.000046563,0.000003000
1651504481612,2022-05-02T11:14:41.612,36.200,0.000091188,0.000045125,0.000002625
1651504481662,2022-05-02T11:14:41.662,36.250,0.000091188,0.000040375,0.000003000
1651504481712,2022-05-02T11:14:41.712,36.300,0.000093000,0.000050188,0.000002625
1651504481762,2022-05-02T11:14:41.762,36.350,0.000091562,0.000032375,0.000003000
1651504481812,2022-05-02T11:14:41.812,36.400,0.000090813,0.000048000,0.000003000
1651504481862,2022-05-02T11:14:41.862,36.450,0.000090813,0.000047625,0.000001125
1651504481912,2022-05-02T11:14:41.912,36.500,0.000091188,0.000049125,0.000002625
1651504481962,2022-05-02T11:14:41.962,36.550,0.000090125,0.000049813,0.000001125
1651504482012,2022-05-02T11:14:42.012,36.600,0.000089750,0.000049438,0.000003000
1651504482062,2022-05-02T11:14:42.062,36.650,0.000090437,0.000048750,0.000002250
1651504482112,2022-05-02T11:14:42.112,36.700,0.000090813,0.000037438,0.000003750
1651504482162,2022-05-02T11:14:42.162,36.750,0.000090813,0.000046187,0.000002250
1651504482212,2022-05-02T11:14:42.212,36.800,0.000091562,0.000038562,0.000003000
1651504482262,2022-05-02T11:14:42.262,36.850,0.000090813,0.000050937,0.000002625
1651504482312,2022-05-02T11:14:42.312,36.900,0.000093375,0.000048000,0.000003375
1651504482362,2022-05-02T11:14:42.362,36.950,0.000091188,0.000047625,0.000004125
1651504482412,2022-05-02T11:14:42.412,37.000,0.000091938,0.000048750,0.000003000
1651504482462,2022-05-02T11:14:42.462,37.050,0.000091938,0.000049125,0.000003375
1651504482512,2022-05-02T11:14:42.512,37.100,0.000091188,0.000048750,0.000002625
1651504482562,2022-05-02T11:14:42.562,37.150,0.000090813,0.000038562,0.000003750
1651504482612,2022-05-02T11:14:42.612,37.200,0.000091562,0.000049438,0.000003750
1651504482662,2022-05-02T11:14:42.662,37.250,0.000091562,0.000046187,0.000002625
1651504482712,2022-05-02T11:14:42.712,37.300,0.000092312,0.000049125,0.000003750
1651504482762,2022-05-02T11:14:42.762,37.350,0.000090813,0.000049438,0.000002250
1651504482812,2022-05-02T11:14:42.812,37.400,0.000092312,0.000048375,0.000003000
1651504482862,2022-05-02T11:14:42.862,37.450,0.000091562,0.000048750,0.000001875
1651504482912,2022-05-02T11:14:42.912,37.500,0.000092625,0.000048375,0.000003750
1651504482962,2022-05-02T11:14:42.962,37.550,0.000091938,0.000048000,0.000002625
1651504483012,2022-05-02T11:14:43.012,37.600,0.000091938,0.000048000,0.000004125
1651504483062,2022-05-02T11:14:43.062,37.650,0.000092625,0.000049813,0.000002250
1651504483112,2022-05-02T11:14:43.112,37.700,0.000092312,0.000048000,0.000002625
1651504483162,2022-05-02T11:14:43.162,37.750,0.000092625,0.000049125,0.000004125
1651504483212,2022-05-02T11:14:43.212,37.800,0.000090813,0.000048750,0.000002625
1651504483262,2022-05-02T11:14:43.262,37.850,0.000091188,0.000048000,0.000004875
1651504483312,2022-05-02T11:14:43.312,37.900,0.000092625,0.000048750,0.000003375
1651504483362,2022-05-02T11:14:43.362,37.950,0.000092250,0.000048000,0.000004500
1651504483412,2022-05-02T11:14:43.412,38.000,0.000091562,0.000048000,0.000003000
1651504483462,2022-05-02T11:14:43.462,38.050,0.000091562,0.000034938,0.000003750
1651504483512,2022-05-02T11:14:43.512,38.100,0.000091938,0.000048000,0.000003375
1651504483562,2022-05-02T11:14:43.562,38.150,0.000093750,0.000047250,0.000003375
1651504483612,2022-05-02T11:14:43.612,38.200,0.000092312,0.000049438,0.000004500
1651504483662,2022-05-02T11:14:43.662,38.250,0.000092312,0.000048000,0.000004500
1651504483712,2022-05-02T11:14:43.712,38.300,0.000091938,0.000049125,0.000004500
1651504483762,2022-05-02T11:14:43.762,38.350,0.000091562,0.000048000,0.000004500
1651504483812,2022-05-02T11:14:43.812,38.400,0.000091188,0.000047625,0.000006062
1651504483862,2022-05-02T11:14:43.862,38.450,0.000092312,0.000048375,0.000003375
1651504483912,2022-05-02T11:14:43.912,38.500,0.000091188,0.000042563,0.000004125
1651504483962,2022-05-02T11:14:43.962,38.550,0.000093375,0.000049125,0.000004500
1651504484012,2022-05-02T11:14:44.012,38.600,0.000091562,0.000045812,0.000003750
1651504484062,2022-05-02T11:14:44.062,38.650,0.000092625,0.000049813,0.000004875
1651504484112,2022-05-02T11:14:44.112,38.700,0.000092312,0.000049125,0.000003375
1651504484162,2022-05-02T11:14:44.162,38.750,0.000092250,0.000047250,0.000005625
1651504484212,2022-05-02T11:14:44.212,38.800,0.000093000,0.000044000,0.000004500
1651504484262,2022-05-02T11:14:44.262,38.850,0.000092625,0.000029812,0.000005250
1651504484312,2022-05-02T11:14:44.312,38.900,0.000093375,0.000041812,0.000003000
1651504484362,2022-05-02T11:14:44.362,38.950,0.000092625,0.000047625,0.000003375
1651504484412,2022-05-02T11:14:44.412,39.000,0.000091938,0.000046938,0.000005625
1651504484462,2022-05-02T11:14:44.462,39.050,0.000090125,0.000048750,0.000005250
1651504484512,2022-05-02T11:14:44.512,39.100,0.000093000,0.000049438,0.000005250
1651504484562,2022-05-02T11:14:44.562,39.150,0.000094437,0.000049438,0.000004875
1651504484612,2022-05-02T11:14:44.612,39.200,0.000092250,0.000049125,0.000006813
1651504484662,2022-05-02T11:14:44.662,39.250,0.000091188,0.000049438,0.000005250
1651504484712,2022-05-02T11:14:44.712,39.300,0.000093375,0.000036375,0.000006437
1651504484762,2022-05-02T11:14:44.762,39.350,0.000093375,0.000049813,0.000006437
1651504484812,2022-05-02T11:14:44.812,39.400,0.000093375,0.000049125,0.000004875
1651504484862,2022-05-02T11:14:44.862,39.450,0.000092625,0.000049125,0.000007188
1651504484912,2022-05-02T11:14:44.912,39.500,0.000094125,0.000048750,0.000005250
1651504484962,2022-05-02T11:14:44.962,39.550,0.000094813,0.000050188,0.000007938
1651504485012,2022-05-02T11:14:45.012,39.600,0.000095563,0.000049813,0.000005250
1651504485062,2022-05-02T11:14:45.062,39.650,0.000095563,0.000050188,0.000007938
1651504485112,2022-05-02T11:14:45.112,39.700,0.000095187,0.000048000,0.000004875
1651504485162,2022-05-02T11:14:45.162,39.750,0.000093375,0.000041437,0.000007938
1651504485212,2022-05-02T11:14:45.212,39.800,0.000095563,0.000049125,0.000006813
1651504485262,2022-05-02T11:14:45.262,39.850,0.000094437,0.000050562,0.000006437
1651504485312,2022-05-02T11:14:45.312,39.900,0.000094813,0.000049438,0.000007562
1651504485362,2022-05-02T11:14:45.362,39.950,0.000094437,0.000050562,0.000005625
1651504485412,2022-05-02T11:14:45.412,40.000,0.000095938,0.000050188,0.000006062
1651504485462,2022-05-02T11:14:45.462,40.050,0.000097375,0.000050937,0.000006813
1651504485512,2022-05-02T11:14:45.512,40.100,0.000095563,0.000044375,0.000007188
1651504485562,2022-05-02T11:14:45.562,40.150,0.000095938,0.000050188,0.000006437
1651504485612,2022-05-02T11:14:45.612,40.200,0.000095187,0.000041437,0.000005625
1651504485662,2022-05-02T11:14:45.662,40.250,0.000095563,0.000049813,0.000005625
1651504485712,2022-05-02T11:14:45.712,40.300,0.000095187,0.000048000,0.000004500
1651504485762,2022-05-02T11:14:45.762,40.350,0.000094125,0.000051250,0.000006062
1651504485812,2022-05-02T11:14:45.812,40.400,0.000095187,0.000049438,0.000006062
1651504485862,2022-05-02T11:14:45.862,40.450,0.000095187,0.000050188,0.000006813
1651504485912,2022-05-02T11:14:45.912,40.500,0.000093750,0.000049813,0.000005250
1651504485962,2022-05-02T11:14:45.962,40.550,0.000093750,0.000049438,0.000006437
1651504486012,2022-05-02T11:14:46.012,40.600,0.000095187,0.000050188,0.000007188
1651504486062,2022-05-02T11:14:46.062,40.650,0.000094813,0.000047250,0.000006437
1651504486112,2022-05-02T11:14:46.112,40.700,0.000094125,0.000050188,0.000006437
1651504486162,2022-05-02T11:14:46.162,40.750,0.000093750,0.000047625,0.000007188
1651504486212,2022-05-02T11:14:46.212,40.800,0.000092625,0.000049813,0.000006062
1651504486262,2022-05-02T11:14:46.262,40.850,0.000094125,0.000050188,0.000004875
1651504486312,2022-05-02T11:14:46.312,40.900,0.000094813,0.000049438,0.000007562
1651504486362,2022-05-02T11:14:46.362,40.950,0.000095187,0.000050188,0.000005625
1651504486412,2022-05-02T11:14:46.412,41.000,0.000095938,0.000036375,0.000006813
1651504486462,2022-05-02T11:14:46.462,41.050,0.000095187,0.000049813,0.000006062
1651504486512,2022-05-02T11:14:46.512,41.100,0.000097375,0.000050562,0.000004875
1651504486562,2022-05-02T11:14:46.562,41.150,0.000097375,0.000050562,0.000006062
1651504486612,2022-05-02T11:14:46.612,41.200,0.000098813,0.000050937,0.000005250
1651504486662,2022-05-02T11:14:46.662,41.250,0.000101750,0.000052000,0.000006062
1651504486712,2022-05-02T11:14:46.712,41.300,0.000101375,0.000050562,0.000005625
1651504486762,2022-05-02T11:14:46.762,41.350,0.000101375,0.000049813,0.000006062
1651504486812,2022-05-02T11:14:46.812,41.400,0.000104625,0.000047250,0.000006437
1651504486862,2022-05-02T11:14:46.862,41.450,0.000105000,0.000035625,0.000007938
1651504486912,2022-05-02T11:14:46.912,41.500,0.000105375,0.000049125,0.000008687
1651504486962,2022-05-02T11:14:46.962,41.550,0.000107937,0.000045125,0.000007938
1651504487012,2022-05-02T11:14:47.012,41.600,0.000106438,0.000050188,0.000009438
1651504487062,2022-05-02T11:14:47.062,41.650,0.000108250,0.000049438,0.000009062
1651504487112,2022-05-02T11:14:47.112,41.700,0.000107188,0.000049813,0.000011312
1651504487162,2022-05-02T11:14:47.162,41.750,0.000108625,0.000050188,0.000010188
1651504487212,2022-05-02T11:14:47.212,41.800,0.000109000,0.000042937,0.000011687
1651504487262,2022-05-02T11:14:47.262,41.850,0.000109000,0.000050188,0.000010563
1651504487312,2022-05-02T11:14:47.312,41.900,0.000110063,0.000042188,0.000012500
1651504487362,2022-05-02T11:14:47.362,41.950,0.000109750,0.000049125,0.000012875
1651504487412,2022-05-02T11:14:47.412,42.000,0.000110063,0.000046563,0.000013250
1651504487462,2022-05-02T11:14:47.462,42.050,0.000108625,0.000050937,0.000012875
1651504487512,2022-05-02T11:14:47.512,42.100,0.000109000,0.000048750,0.000011312
1651504487562,2022-05-02T11:14:47.562,42.150,0.000106812,0.000049813,0.000012500
1651504487612,2022-05-02T11:14:47.612,42.200,0.000108250,0.000049813,0.000009438
1651504487662,2022-05-02T11:14:47.662,42.250,0.000107562,0.000036000,0.000006437
1651504487712,2022-05-02T11:14:47.712,42.300,0.000106125,0.000051250,0.000006062
1651504487762,2022-05-02T11:14:47.762,42.350,0.000106812,0.000048750,0.000003750
1651504487812,2022-05-02T11:14:47.812,42.400,0.000105375,0.000050937,0.000004125
1651504487862,2022-05-02T11:14:47.862,42.450,0.000104625,0.000049438,0.000001875
1651504487912,2022-05-02T11:14:47.912,42.500,0.000103187,0.000052000,0.000001500
1651504487962,2022-05-02T11:14:47.962,42.550,0.000104250,0.000050562,-0.000000375
1651504488012,2022-05-02T11:14:48.012,42.600,0.000101000,0.000051625,0.000000000
1651504488062,2022-05-02T11:14:48.062,42.650,0.000099937,0.000052375,-0.000002250
1651504488112,2022-05-02T11:14:48.112,42.700,0.000099937,0.000050562,-0.000001875
1651504488162,2022-05-02T11:14:48.162,42.750,0.000098125,0.000052750,-0.000003375
1651504488212,2022-05-02T11:14:48.212,42.800,0.000097750,0.000047250,-0.000001500
1651504488262,2022-05-02T11:14:48.262,42.850,0.000097000,0.000051625,-0.000000375
1651504488312,2022-05-02T11:14:48.312,42.900,0.000097375,0.000052375,-0.000001500
1651504488362,2022-05-02T11:14:48.362,42.950,0.000095563,0.000051250,-0.000000375
1651504488412,2022-05-02T11:14:48.412,43.000,0.000094813,0.000052375,-0.000001125
1651504488462,2022-05-02T11:14:48.462,43.050,0.000095938,0.000050188,-0.000001125
1651504488512,2022-05-02T11:14:48.512,43.100,0.000093750,0.000048750,-0.000002250
1651504488562,2022-05-02T11:14:48.562,43.150,0.000093375,0.000040000,-0.000000375
1651504488612,2022-05-02T11:14:48.612,43.200,0.000092312,0.000050937,-0.000003000
1651504488662,2022-05-02T11:14:48.662,43.250,0.000093375,0.000050937,-0.000001500
1651504488712,2022-05-02T11:14:48.712,43.300,0.000091562,0.000050188,-0.000000375
1651504488762,2022-05-02T11:14:48.762,43.350,0.000093000,0.000049813,-0.000001875
1651504488812,2022-05-02T11:14:48.812,43.400,0.000093750,0.000049125,0.000001125
1651504488862,2022-05-02T11:14:48.862,43.450,0.000092312,0.000049438,0.000000000
1651504488912,2022-05-02T11:14:48.912,43.500,0.000093375,0.000048750,0.000001875
1651504488962,2022-05-02T11:14:48.962,43.550,0.000091188,0.000050937,0.000001125
1651504489012,2022-05-02T11:14:49.012,43.600,0.000091188,0.000036000,0.000001875
1651504489062,2022-05-02T11:14:49.062,43.650,0.000091188,0.000049125,0.000001125
1651504489112,2022-05-02T11:14:49.112,43.700,0.000091562,0.000048000,0.000001125
1651504489162,2022-05-02T11:14:49.162,43.750,0.000091188,0.000048000,0.000001500
1651504489212,2022-05-02T11:14:49.212,43.800,0.000091188,0.000049125,0.000000375
1651504489262,2022-05-02T11:14:49.262,43.850,0.000089375,0.000049813,0.000001875
1651504489312,2022-05-02T11:14:49.312,43.900,0.000092312,0.000048750,0.000000000
1651504489362,2022-05-02T11:14:49.362,43.950,0.000092312,0.000034563,0.000003000
1651504489412,2022-05-02T11:14:49.412,44.000,0.000089750,0.000045812,0.000000750
1651504489462,2022-05-02T11:14:49.462,44.050,0.000091188,0.000042188,0.000000375
1651504489512,2022-05-02T11:14:49.512,44.100,0.000092312,0.000040375,0.000001875
1651504489562,2022-05-02T11:14:49.562,44.150,0.000089375,0.000042937,0.000001875
1651504489612,2022-05-02T11:14:49.612,44.200,0.000089375,0.000042937,0.000001875
1651504489662,2022-05-02T11:14:49.662,44.250,0.000088625,0.000048000,0.000001875
1651504489712,2022-05-02T11:14:49.712,44.300,0.000089375,0.000049125,0.000002250
1651504489762,2022-05-02T11:14:49.762,44.350,0.000089375,0.000047250,0.000001875
1651504489812,2022-05-02T11:14:49.812,44.400,0.000091188,0.000035312,0.000001875
1651504489862,2022-05-02T11:14:49.862,44.450,0.000088625,0.000049438,0.000002250
1651504489912,2022-05-02T11:14:49.912,44.500,0.000090813,0.000048000,0.000003000
1651504489962,2022-05-02T11:14:49.962,44.550,0.000089375,0.000047625,0.000005250
1651504490012,2022-05-02T11:14:50.012,44.600,0.000089750,0.000047625,0.000004875
1651504490062,2022-05-02T11:14:50.062,44.650,0.000090813,0.000047625,0.000006062
1651504490112,2022-05-02T11:14:50.112,44.700,0.000089750,0.000047250,0.000003375
1651504490162,2022-05-02T11:14:50.162,44.750,0.000089750,0.000046938,0.000007188
1651504490212,2022-05-02T11:14:50.212,44.800,0.000090437,0.000046563,0.000006062
1651504490262,2022-05-02T11:14:50.262,44.850,0.000090437,0.000039625,0.000007188
1651504490312,2022-05-02T11:14:50.312,44.900,0.000090125,0.000049125,0.000005250
1651504490362,2022-05-02T11:14:50.362,44.950,0.000090125,0.000047625,0.000005625
1651504490412,2022-05-02T11:14:50.412,45.000,0.000091938,0.000045125,0.000005625
1651504490462,2022-05-02T11:14:50.462,45.050,0.000090437,0.000050188,0.000003750
1651504490512,2022-05-02T11:14:50.512,45.100,0.000089375,0.000048750,0.000004500
1651504490562,2022-05-02T11:14:50.562,45.150,0.000090813,0.000048000,0.000004125
1651504490612,2022-05-02T11:14:50.612,45.200,0.000091562,0.000045438,0.000005625
1651504490662,2022-05-02T11:14:50.662,45.250,0.000091188,0.000047250,0.000003375
1651504490712,2022-05-02T11:14:50.712,45.300,0.000091938,0.000033437,0.000003750
1651504490762,2022-05-02T11:14:50.762,45.350,0.000091938,0.000048750,0.000003750
1651504490812,2022-05-02T11:14:50.812,45.400,0.000090125,0.000048375,0.000003750
1651504490862,2022-05-02T11:14:50.862,45.450,0.000090500,0.000049438,0.000002625
1651504490912,2022-05-02T11:14:50.912,45.500,0.000091562,0.000048375,0.000002625
1651504490962,2022-05-02T11:14:50.962,45.550,0.000092250,0.000048375,0.000004125
1651504491012,2022-05-02T11:14:51.012,45.600,0.000090125,0.000048750,0.000001875
1651504491062,2022-05-02T11:14:51.062,45.650,0.000090125,0.000049125,0.000003000
1651504491112,2022-05-02T11:14:51.112,45.700,0.000091188,0.000048750,0.000002250
1651504491162,2022-05-02T11:14:51.162,45.750,0.000091188,0.000037813,0.000004125
1651504491212,2022-05-02T11:14:51.212,45.800,0.000091188,0.000047625,0.000003375
1651504491262,2022-05-02T11:14:51.262,45.850,0.000090437,0.000047625,0.000003750
1651504491312,2022-05-02T11:14:51.312,45.900,0.000090125,0.000048375,0.000004500
1651504491362,2022-05-02T11:14:51.362,45.950,0.000089750,0.000048000,0.000003750
1651504491412,2022-05-02T11:14:51.412,46.000,0.000089750,0.000048750,0.000004875
1651504491462,2022-05-02T11:14:51.462,46.050,0.000091562,0.000048750,0.000002250
1651504491512,2022-05-02T11:14:51.512,46.100,0.000090500,0.000034938,0.000004875
1651504491562,2022-05-02T11:14:51.562,46.150,0.000092312,0.000048375,0.000003000
1651504491612,2022-05-02T11:14:51.612,46.200,0.000092625,0.000042563,0.000003375
1651504491662,2022-05-02T11:14:51.662,46.250,0.000092625,0.000048375,0.000005250
1651504491712,2022-05-02T11:14:51.712,46.300,0.000091938,0.000049125,0.000004875
1651504491762,2022-05-02T11:14:51.762,46.350,0.000092312,0.000048375,0.000004875
1651504491812,2022-05-02T11:14:51.812,46.400,0.000091188,0.000049438,0.000005625
1651504491862,2022-05-02T11:14:51.862,46.450,0.000090437,0.000048750,0.000006062
1651504491912,2022-05-02T11:14:51.912,46.500,0.000092312,0.000044375,0.000004125
1651504491962,2022-05-02T11:14:51.962,46.550,0.000091562,0.000045438,0.000006062
1651504492012,2022-05-02T11:14:52.012,46.600,0.000091188,0.000046187,0.000004500
1651504492062,2022-05-02T11:14:52.062,46.650,0.000090813,0.000041437,0.000004875
1651504492112,2022-05-02T11:14:52.112,46.700,0.000092312,0.000048375,0.000006062
1651504492162,2022-05-02T11:14:52.162,46.750,0.000090125,0.000045438,0.000005625
1651504492212,2022-05-02T11:14:52.212,46.800,0.000092312,0.000047625,0.000006062
1651504492262,2022-05-02T11:14:52.262,46.850,0.000090437,0.000050562,0.000004500
1651504492312,2022-05-02T11:14:52.312,46.900,0.000091562,0.000048375,0.000006062
1651504492362,2022-05-02T11:14:52.362,46.950,0.000089750,0.000045812,0.000004125
1651504492412,2022-05-02T11:14:52.412,47.000,0.000090813,0.000035625,0.000004875
1651504492462,2022-05-02T11:14:52.462,47.050,0.000090500,0.000049125,0.000005688
1651504492512,2022-05-02T11:14:52.512,47.100,0.000090813,0.000049125,0.000004875
1651504492562,2022-05-02T11:14:52.562,47.150,0.000093000,0.000048375,0.000006813
1651504492612,2022-05-02T11:14:52.612,47.200,0.000091562,0.000046938,0.000005625
1651504492662,2022-05-02T11:14:52.662,47.250,0.000092312,0.000048750,0.000006813
1651504492712,2022-05-02T11:14:52.712,47.300,0.000093375,0.000048750,0.000005625
1651504492762,2022-05-02T11:14:52.762,47.350,0.000090500,0.000046187,0.000006062
1651504492812,2022-05-02T11:14:52.812,47.400,0.000091188,0.000047625,0.000004875
1651504492862,2022-05-02T11:14:52.862,47.450,0.000091562,0.000033812,0.000004875
1651504492912,2022-05-02T11:14:52.912,47.500,0.000090500,0.000047625,0.000005625
1651504492962,2022-05-02T11:14:52.962,47.550,0.000092625,0.000048000,0.000003750
1651504493012,2022-05-02T11:14:53.012,47.600,0.000090813,0.000049125,0.000004500
1651504493062,2022-05-02T11:14:53.062,47.650,0.000091562,0.000047250,0.000005250
1651504493112,2022-05-02T11:14:53.112,47.700,0.000092312,0.000049438,0.000006062
1651504493162,2022-05-02T11:14:53.162,47.750,0.000090813,0.000048750,0.000003750
1651504493212,2022-05-02T11:14:53.212,47.800,0.000090813,0.000049438,0.000005250
1651504493262,2022-05-02T11:14:53.262,47.850,0.000090437,0.000048000,0.000005250
1651504493312,2022-05-02T11:14:53.312,47.900,0.000090437,0.000042937,0.000004500
1651504493362,2022-05-02T11:14:53.362,47.950,0.000092625,0.000048750,0.000004500
1651504493412,2022-05-02T11:14:53.412,48.000,0.000091938,0.000048000,0.000004500
1651504493462,2022-05-02T11:14:53.462,48.050,0.000092625,0.000048750,0.000006062
1651504493512,2022-05-02T11:14:53.512,48.100,0.000091188,0.000049125,0.000004500
1651504493562,2022-05-02T11:14:53.562,48.150,0.000092312,0.000048375,0.000006437
1651504493612,2022-05-02T11:14:53.612,48.200,0.000091562,0.000048750,0.000003375
1651504493662,2022-05-02T11:14:53.662,48.250,0.000091938,0.000033125,0.000006062
1651504493712,2022-05-02T11:14:53.712,48.300,0.000090813,0.000048375,0.000003750
1651504493762,2022-05-02T11:14:53.762,48.350,0.000091188,0.000047625,0.000004500
1651504493812,2022-05-02T11:14:53.812,48.400,0.000091562,0.000049125,0.000006062
1651504493862,2022-05-02T11:14:53.862,48.450,0.000091562,0.000047625,0.000003750
1651504493912,2022-05-02T11:14:53.912,48.500,0.000091938,0.000049438,0.000004875
1651504493962,2022-05-02T11:14:53.962,48.550,0.000090437,0.000050188,0.000004125
1651504494012,2022-05-02T11:14:54.012,48.600,0.000092625,0.000050188,0.000004125
1651504494062,2022-05-02T11:14:54.062,48.650,0.000092250,0.000048375,0.000002250
1651504494112,2022-05-02T11:14:54.112,48.700,0.000093375,0.000042563,0.000003750
1651504494162,2022-05-02T11:14:54.162,48.750,0.000093375,0.000049813,0.000003375
1651504494212,2022-05-02T11:14:54.212,48.800,0.000094437,0.000050937,0.000001125
1651504494262,2022-05-02T11:14:54.262,48.850,0.000092625,0.000050188,0.000002625
1651504494312,2022-05-02T11:14:54.312,48.900,0.000093000,0.000050937,0.000000375
1651504494362,2022-05-02T11:14:54.362,48.950,0.000093750,0.000050937,0.000002250
1651504494412,2022-05-02T11:14:54.412,49.000,0.000093375,0.000050188,0.000000750
1651504494462,2022-05-02T11:14:54.462,49.050,0.000094125,0.000035312,0.000002250
1651504494512,2022-05-02T11:14:54.512,49.100,0.000094813,0.000049125,0.000000000
1651504494562,2022-05-02T11:14:54.562,49.150,0.000096312,0.000038187,0.000001125
1651504494612,2022-05-02T11:14:54.612,49.200,0.000095938,0.000045438,0.000001125
1651504494662,2022-05-02T11:14:54.662,49.250,0.000097000,0.000046187,0.000001125
1651504494712,2022-05-02T11:14:54.712,49.300,0.000096625,0.000045438,0.000002625
1651504494762,2022-05-02T11:14:54.762,49.350,0.000097375,0.000052375,0.000001500
1651504494812,2022-05-02T11:14:54.812,49.400,0.000097000,0.000050188,0.000002625
1651504494862,2022-05-02T11:14:54.862,49.450,0.000097000,0.000052375,0.000001125
1651504494912,2022-05-02T11:14:54.912,49.500,0.000098125,0.000050188,0.000001125
1651504494962,2022-05-02T11:14:54.962,49.550,0.000098438,0.000049813,0.000001500
1651504495012,2022-05-02T11:14:55.012,49.600,0.000101375,0.000046187,0.000000375
1651504495062,2022-05-02T11:14:55.062,49.650,0.000102125,0.000051625,0.000001875
1651504495112,2022-05-02T11:14:55.112,49.700,0.000100312,0.000049125,0.000001875
1651504495162,2022-05-02T11:14:55.162,49.750,0.000102125,0.000051625,0.000002625
1651504495212,2022-05-02T11:14:55.212,49.800,0.000101750,0.000051250,0.000001500
1651504495262,2022-05-02T11:14:55.262,49.850,0.000102125,0.000050937,0.000003375
1651504495312,2022-05-02T11:14:55.312,49.900,0.000104625,0.000051625,0.000003000
1651504495362,2022-05-02T11:14:55.362,49.950,0.000103937,0.000051625,0.000002625
1651504495412,2022-05-02T11:14:55.412,50.000,0.000104313,0.000050562,0.000003000
1651504495462,2022-05-02T11:14:55.462,50.050,0.000103937,0.000051250,0.000002250
1651504495512,2022-05-02T11:14:55.512,50.100,0.000101375,0.000052000,0.000002625
1651504495562,2022-05-02T11:14:55.562,50.150,0.000099187,0.000050937,0.000001125
1651504495612,2022-05-02T11:14:55.612,50.200,0.000100312,0.000051250,0.000003000
1651504495662,2022-05-02T11:14:55.662,50.250,0.000099937,0.000052000,0.000000375
1651504495712,2022-05-02T11:14:55.712,50.300,0.000097750,0.000052750,0.000001125
1651504495762,2022-05-02T11:14:55.762,50.350,0.000098125,0.000050188,0.000001125
1651504495812,2022-05-02T11:14:55.812,50.400,0.000099563,0.000038938,0.000001875
1651504495862,2022-05-02T11:14:55.862,50.450,0.000101375,0.000051250,0.000002250
1651504495912,2022-05-02T11:14:55.912,50.500,0.000102812,0.000052000,0.000003000
1651504495962,2022-05-02T11:14:55.962,50.550,0.000104250,0.000051250,0.000006813
1651504496012,2022-05-02T11:14:56.012,50.600,0.000106812,0.000052000,0.000006062
1651504496062,2022-05-02T11:14:56.062,50.650,0.000109000,0.000050562,0.000008687
1651504496112,2022-05-02T11:14:56.112,50.700,0.000109000,0.000049813,0.000009062
1651504496162,2022-05-02T11:14:56.162,50.750,0.000109750,0.000050562,0.000010937
1651504496212,2022-05-02T11:14:56.212,50.800,0.000109000,0.000048375,0.000010188
1651504496262,2022-05-02T11:14:56.262,50.850,0.000110437,0.000037813,0.000010937
1651504496312,2022-05-02T11:14:56.312,50.900,0.000110125,0.000048000,0.000012500
1651504496362,2022-05-02T11:14:56.362,50.950,0.000109000,0.000048750,0.000013250
1651504496412,2022-05-02T11:14:56.412,51.000,0.000110437,0.000049125,0.000014000
1651504496462,2022-05-02T11:14:56.462,51.050,0.000111188,0.000050562,0.000013250
1651504496512,2022-05-02T11:14:56.512,51.100,0.000110125,0.000049125,0.000014375
1651504496562,2022-05-02T11:14:56.562,51.150,0.000108625,0.000048375,0.000013250
1651504496612,2022-05-02T11:14:56.612,51.200,0.000110437,0.000035312,0.000012875
1651504496662,2022-05-02T11:14:56.662,51.250,0.000107562,0.000050937,0.000009813
1651504496712,2022-05-02T11:14:56.712,51.300,0.000106062,0.000045812,0.000007938
1651504496762,2022-05-02T11:14:56.762,51.350,0.000104625,0.000051250,0.000005625
1651504496812,2022-05-02T11:14:56.812,51.400,0.000104250,0.000052375,0.000003000
1651504496862,2022-05-02T11:14:56.862,51.450,0.000101750,0.000052375,0.000002625
1651504496912,2022-05-02T11:14:56.912,51.500,0.000101375,0.000051250,-0.000003000
1651504496962,2022-05-02T11:14:56.962,51.550,0.000100312,0.000051625,-0.000001125
1651504497012,2022-05-02T11:14:57.012,51.600,0.000098813,0.000052750,-0.000003375
1651504497062,2022-05-02T11:14:57.062,51.650,0.000097750,0.000051625,-0.000001500
1651504497112,2022-05-02T11:14:57.112,51.700,0.000097000,0.000051625,-0.000003750
1651504497162,2022-05-02T11:14:57.162,51.750,0.000095563,0.000050937,-0.000003000
1651504497212,2022-05-02T11:14:57.212,51.800,0.000096625,0.000049438,-0.000002625
1651504497262,2022-05-02T11:14:57.262,51.850,0.000095938,0.000047250,-0.000004500
1651504497312,2022-05-02T11:14:57.312,51.900,0.000095187,0.000048000,-0.000002625
1651504497362,2022-05-02T11:14:57.362,51.950,0.000094437,0.000042188,-0.000001875
1651504497412,2022-05-02T11:14:57.412,52.000,0.000096250,0.000049438,0.000000375
1651504497462,2022-05-02T11:14:57.462,52.050,0.000094437,0.000046938,-0.000000375
1651504497512,2022-05-02T11:14:57.512,52.100,0.000091938,0.000039625,0.000001500
1651504497562,2022-05-02T11:14:57.562,52.150,0.000091938,0.000048750,0.000000375
1651504497612,2022-05-02T11:14:57.612,52.200,0.000090813,0.000048750,0.000001500
1651504497662,2022-05-02T11:14:57.662,52.250,0.000090125,0.000049438,0.000003000
1651504497712,2022-05-02T11:14:57.712,52.300,0.000092312,0.000049813,0.000001875
1651504497762,2022-05-02T11:14:57.762,52.350,0.000091562,0.000049125,0.000001125
1651504497812,2022-05-02T11:14:57.812,52.400,0.000089375,0.000049438,-0.000000750
1651504497862,2022-05-02T11:14:57.862,52.450,0.000090437,0.000035625,-0.000001125
1651504497912,2022-05-02T11:14:57.912,52.500,0.000090500,0.000049125,-0.000002625
1651504497962,2022-05-02T11:14:57.962,52.550,0.000091938,0.000041812,-0.000001125
1651504498012,2022-05-02T11:14:58.012,52.600,0.000092312,0.000048750,-0.000000750
1651504498062,2022-05-02T11:14:58.062,52.650,0.000091188,0.000047250,-0.000001500
1651504498112,2022-05-02T11:14:58.112,52.700,0.000091188,0.000049813,0.000000000
1651504498162,2022-05-02T11:14:58.162,52.750,0.000091938,0.000048375,-0.000001500
1651504498212,2022-05-02T11:14:58.212,52.800,0.000091188,0.000049125,-0.000000375
1651504498262,2022-05-02T11:14:58.262,52.850,0.000091938,0.000044375,-0.000001500
1651504498312,2022-05-02T11:14:58.312,52.900,0.000091188,0.000048750,0.000002625
1651504498362,2022-05-02T11:14:58.362,52.950,0.000092625,0.000049813,0.000002625
1651504498412,2022-05-02T11:14:58.412,53.000,0.000090813,0.000048000,0.000005250
1651504498462,2022-05-02T11:14:58.462,53.050,0.000090500,0.000048375,0.000005625
1651504498512,2022-05-02T11:14:58.512,53.100,0.000091938,0.000049125,0.000006062
1651504498562,2022-05-02T11:14:58.562,53.150,0.000093375,0.000047625,0.000008312
1651504498612,2022-05-02T11:14:58.612,53.200,0.000093000,0.000047250,0.000006437
1651504498662,2022-05-02T11:14:58.662,53.250,0.000093375,0.000048375,0.000008687
1651504498712,2022-05-02T11:14:58.712,53.300,0.000092625,0.000046938,0.000006437
1651504498762,2022-05-02T11:14:58.762,53.350,0.000093375,0.000038938,0.000006813
1651504498812,2022-05-02T11:14:58.812,53.400,0.000092625,0.000049125,0.000005250
1651504498862,2022-05-02T11:14:58.862,53.450,0.000091562,0.000048000,0.000004500
1651504498912,2022-05-02T11:14:58.912,53.500,0.000093375,0.000048375,0.000006062
1651504498962,2022-05-02T11:14:58.962,53.550,0.000093375,0.000048375,0.000005625
1651504499012,2022-05-02T11:14:59.012,53.600,0.000093000,0.000046938,0.000006437
1651504499062,2022-05-02T11:14:59.062,53.650,0.000092625,0.000049125,0.000005625
1651504499112,2022-05-02T11:14:59.112,53.700,0.000092312,0.000049125,0.000004875
1651504499162,2022-05-02T11:14:59.162,53.750,0.000091562,0.000046938,0.000003000
1651504499212,2022-05-02T11:14:59.212,53.800,0.000091938,0.000037438,0.000003750
1651504499262,2022-05-02T11:14:59.262,53.850,0.000091938,0.000049125,0.000004125
1651504499312,2022-05-02T11:14:59.312,53.900,0.000091188,0.000048000,0.000006062
1651504499362,2022-05-02T11:14:59.362,53.950,0.000090500,0.000049438,0.000006062
1651504499412,2022-05-02T11:14:59.412,54.000,0.000089750,0.000047625,0.000005250
1651504499462,2022-05-02T11:14:59.462,54.050,0.000091562,0.000049438,0.000006437
1651504499512,2022-05-02T11:14:59.512,54.100,0.000091938,0.000048750,0.000001500
1651504499562,2022-05-02T11:14:59.562,54.150,0.000092312,0.000035312,0.000004500
1651504499612,2022-05-02T11:14:59.612,54.200,0.000091562,0.000050188,0.000001500
1651504499662,2022-05-02T11:14:59.662,54.250,0.000091562,0.000045438,0.000001875
1651504499712,2022-05-02T11:14:59.712,54.300,0.000091938,0.000048000,0.000003375
1651504499762,2022-05-02T11:14:59.762,54.350,0.000090125,0.000049125,0.000001500
1651504499812,2022-05-02T11:14:59.812,54.400,0.000091562,0.000049813,0.000003375
1651504499862,2022-05-02T11:14:59.862,54.450,0.000091562,0.000049813,0.000001500
1651504499912,2022-05-02T11:14:59.912,54.500,0.000090500,0.000049438,0.000002625
1651504499962,2022-05-02T11:14:59.962,54.550,0.000091188,0.000045438,0.000002625
1651504500012,2022-05-02T11:15:00.012,54.600,0.000091562,0.000045812,0.000003750
1651504500062,2022-05-02T11:15:00.062,54.650,0.000090813,0.000043250,0.000001875
1651504500112,2022-05-02T11:15:00.112,54.700,0.000091188,0.000040375,0.000001500
1651504500162,2022-05-02T11:15:00.162,54.750,0.000091938,0.000047625,0.000002250
