epoch (ms),time (-13:00),elapsed (s),x-axis (T),y-axis (T),z-axis (T)
1574106591782,2019-11-18T14:49:51.782,0.0,-1.3029232032422586e-05,-5.1861636241724565e-06,-1.1500439629295789e-06
1574106591832,2019-11-18T14:49:51.832,0.05,-1.4821020444802395e-05,-6.105934710459918e-06,-1.3971939545267971e-06
1574106591882,2019-11-18T14:49:51.882,0.1,-1.5482236123144578e-05,-6.223330033054884e-06,-1.6688112663902192e-06
1574106591932,2019-11-18T14:49:51.932,0.15,-1.5078263183577701e-05,-5.765842186617169e-06,-1.8014101661438675e-06
1574106591982,2019-11-18T14:49:51.982,0.2,-1.4624624809336704e-05,-5.3104761965030536e-06,-1.5787856616025216e-06
1574106592032,2019-11-18T14:49:52.032,0.25,-1.4896476382044866e-05,-5.0721358316663e-06,-1.2288280383824378e-06
1574106592082,2019-11-18T14:49:52.082,0.3,-1.575381425513889e-05,-5.230714006557197e-06,-1.2184634652523313e-06
1574106592132,2019-11-18T14:49:52.132,0.35,-1.654515461357413e-05,-5.9093338089070945e-06,-1.3280174387614686e-06
1574106592182,2019-11-18T14:49:52.182,0.4,-1.694410610502886e-05,-6.665362479470191e-06,-8.237532478361564e-07
1574106592232,2019-11-18T14:49:52.232,0.45,-1.720619467179538e-05,-6.846754293342486e-06,2.9730706725747293e-07
1574106592282,2019-11-18T14:49:52.282,0.5,-1.759282502001506e-05,-6.473449464092906e-06,1.2050215583238592e-06
1574106592332,2019-11-18T14:49:52.332,0.55,-1.787186457089499e-05,-6.190601271662976e-06,1.4766149517920435e-06
1574106592382,2019-11-18T14:49:52.382,0.6,-1.7746859480687954e-05,-6.423952164144022e-06,1.6095148380837576e-06
1574106592432,2019-11-18T14:49:52.432,0.65,-1.7471446255641017e-05,-6.922838151030306e-06,2.240184222817812e-06
1574106592482,2019-11-18T14:49:52.482,0.7,-1.7316259622478645e-05,-7.112753597416092e-06,3.4665055723998623e-06
1574106592532,2019-11-18T14:49:52.532,0.75,-1.6731258334218844e-05,-6.82998833293652e-06,4.989257695032359e-06
1574106592582,2019-11-18T14:49:52.582,0.8,-1.5206691428704635e-05,-6.523803781800204e-06,6.584478881738024e-06
1574106592632,2019-11-18T14:49:52.632,0.85,-1.3634488991592137e-05,-6.536584718952309e-06,8.31203115260208e-06
1574106592682,2019-11-18T14:49:52.682,0.9,-1.3290147830424375e-05,-6.656943087286236e-06,1.0224495850582229e-05
1574106592732,2019-11-18T14:49:52.732,0.95,-1.3982876446197416e-05,-6.721521874810423e-06,1.2093693968216941e-05
1574106592782,2019-11-18T14:49:52.782,1.0,-1.4793523616834156e-05,-7.072069614175397e-06,1.3708599121783748e-05
1574106592832,2019-11-18T14:49:52.832,1.05,-1.5671633590105277e-05,-8.174466278138091e-06,1.5048084916185234e-05
1574106592882,2019-11-18T14:49:52.882,1.1,-1.6846487470403498e-05,-9.970374491793954e-06,1.5825117108411718e-05
1574106592932,2019-11-18T14:49:52.932,1.15,-1.7815644690563803e-05,-1.1369357622719977e-05,1.5447127778759737e-05
1574106592982,2019-11-18T14:49:52.982,1.2,-1.8010020292566264e-05,-1.0932848712983098e-05,1.3795785861917176e-05
1574106593032,2019-11-18T14:49:53.032,1.25,-1.7661412364085823e-05,-8.845371815807317e-06,1.1624570517841102e-05
1574106593082,2019-11-18T14:49:53.082,1.3,-1.74545572439987e-05,-7.041138105372228e-06,9.915785084930635e-06
1574106593132,2019-11-18T14:49:53.132,1.35,-1.773327008003026e-05,-6.632554062032425e-06,8.890863338714305e-06
1574106593182,2019-11-18T14:49:53.182,1.4,-1.8499404224287066e-05,-7.042897592814509e-06,7.838747284689304e-06
1574106593232,2019-11-18T14:49:53.232,1.45,-1.9979280898183887e-05,-8.094263741519026e-06,6.200451040787219e-06
1574106593282,2019-11-18T14:49:53.282,1.5,-2.231975875555508e-05,-1.0443625207325083e-05,4.512738166231101e-06
1574106593332,2019-11-18T14:49:53.332,1.55,-2.47105568315751e-05,-1.3527464870623882e-05,3.7459656117066615e-06
1574106593382,2019-11-18T14:49:53.382,1.6,-2.5925028377514612e-05,-1.5566093725277945e-05,4.16751115530583e-06
1574106593432,2019-11-18T14:49:53.432,1.65,-2.5824081044922945e-05,-1.5895290822631537e-05,5.404021813749643e-06
1574106593482,2019-11-18T14:49:53.482,1.7,-2.5297724188293312e-05,-1.5346638281918684e-05,7.043439906790374e-06
1574106593532,2019-11-18T14:49:53.532,1.75,-2.4710028505354346e-05,-1.4452338883102581e-05,8.834375548092296e-06
1574106593582,2019-11-18T14:49:53.582,1.8,-2.322822838658645e-05,-1.2598210778702284e-05,1.087461285185067e-05
1574106593632,2019-11-18T14:49:53.632,1.85,-1.9728969300415392e-05,-8.748343283615006e-06,1.3497096484533812e-05
1574106593682,2019-11-18T14:49:53.682,1.9,-1.4083396344629983e-05,-2.8448324970987665e-06,1.646228744845163e-05
1574106593732,2019-11-18T14:49:53.732,1.95,-7.86146701388218e-06,3.1118623661738606e-06,1.8902665462846004e-05
1574106593782,2019-11-18T14:49:53.782,2.0,-3.721711481140432e-06,6.361343541476908e-06,2.0387175021519257e-05
1574106593832,2019-11-18T14:49:53.832,2.05,-3.2398705444247552e-06,6.486688914870966e-06,2.105842168922255e-05
1574106593882,2019-11-18T14:49:53.882,2.1,-5.23199858493119e-06,5.677243776380436e-06,2.0837077578453173e-05
1574106593932,2019-11-18T14:49:53.932,2.15,-7.113323448000031e-06,5.482145184493059e-06,1.9646722270184787e-05
1574106593982,2019-11-18T14:49:53.982,2.2,-7.751564676543054e-06,5.621524539866743e-06,1.8027297164734723e-05
1574106594032,2019-11-18T14:49:54.032,2.25,-7.941698259193519e-06,5.972963495487864e-06,1.6643765660147036e-05
1574106594082,2019-11-18T14:49:54.082,2.3,-8.665965163924173e-06,6.512246083756504e-06,1.5657162530196396e-05
1574106594132,2019-11-18T14:49:54.132,2.35,-1.0308594023297169e-05,5.782645552629947e-06,1.4944245821188208e-05
1574106594182,2019-11-18T14:49:54.182,2.4,-1.2929145326929098e-05,3.298590128821291e-06,1.4455510369467857e-05
1574106594232,2019-11-18T14:49:54.232,2.45,-1.591653183644993e-05,2.1516206314228425e-06,1.4263980245617831e-05
1574106594282,2019-11-18T14:49:54.282,2.5,-1.8004272937499027e-05,4.496635541886217e-06,1.4633246669310829e-05
1574106594332,2019-11-18T14:49:54.332,2.55,-1.859156481299636e-05,6.358708605752705e-06,1.5929821095223585e-05
1574106594382,2019-11-18T14:49:54.382,2.6,-1.8311010527518776e-05,2.685360489806742e-06,1.8049290700031527e-05
1574106594432,2019-11-18T14:49:54.432,2.65,-1.7707728778070225e-05,-4.025855158432931e-06,2.0183047906490986e-05
1574106594482,2019-11-18T14:49:54.482,2.7,-1.616146354921946e-05,-6.2615073106206004e-06,2.1655355200721038e-05
1574106594532,2019-11-18T14:49:54.532,2.75,-1.271083523216062e-05,-1.7765301538200036e-06,2.2652862519660592e-05
1574106594582,2019-11-18T14:49:54.582,2.8,-7.583700891810665e-06,4.275589205060829e-06,2.3730833603181564e-05
1574106594632,2019-11-18T14:49:54.632,2.85,-2.3455276684513163e-06,7.090228042975333e-06,2.5030914117772013e-05
1574106594682,2019-11-18T14:49:54.682,2.9,1.695064731010676e-06,7.182423518378327e-06,2.6220865593932885e-05
1574106594732,2019-11-18T14:49:54.732,2.95,4.862950277427266e-06,7.445441902130704e-06,2.668956168675913e-05
1574106594782,2019-11-18T14:49:54.782,3.0,8.424202984439774e-06,9.225228375924034e-06,2.5658123564777954e-05
1574106594832,2019-11-18T14:49:54.832,3.05,1.27182777671065e-05,1.2219963241060334e-05,2.286154028643626e-05
1574106594882,2019-11-18T14:49:54.882,3.1,1.6510401264298572e-05,1.563219336765349e-05,1.946260037039547e-05
1574106594932,2019-11-18T14:49:54.932,3.15,1.834047459764035e-05,1.8369969611840772e-05,1.7293258962923918e-05
1574106594982,2019-11-18T14:49:54.982,3.2,1.825823238013629e-05,1.950909347160666e-05,1.6659800900084358e-05
1574106595032,2019-11-18T14:49:55.032,3.25,1.7960081511391296e-05,1.9135478393343574e-05,1.6130471142750325e-05
1574106595082,2019-11-18T14:49:55.082,3.3,1.9344053256427598e-05,1.829865150334774e-05,1.4836175233280565e-05
1574106595132,2019-11-18T14:49:55.132,3.35,2.3090911214463073e-05,1.8300874155485706e-05,1.3242759585743836e-05
1574106595182,2019-11-18T14:49:55.182,3.4,2.8166210793780256e-05,1.9809696599822285e-05,1.1584266025670171e-05
1574106595232,2019-11-18T14:49:55.232,3.45,3.2411100022220756e-05,2.200988675417046e-05,9.634553231957137e-06
1574106595282,2019-11-18T14:49:55.282,3.5,3.440466341521867e-05,2.3264239944165393e-05,7.810141473315049e-06
1574106595332,2019-11-18T14:49:55.332,3.55,3.506105022455156e-05,2.3146380463941573e-05,6.551173744362386e-06
1574106595382,2019-11-18T14:49:55.382,3.6,3.6383363497779627e-05,2.268246643751428e-05,5.114170730757032e-06
1574106595432,2019-11-18T14:49:55.432,3.65,3.867164831860254e-05,2.2425995019163837e-05,2.3616407645713504e-06
1574106595482,2019-11-18T14:49:55.482,3.7,4.053480790812489e-05,2.1951851589895735e-05,-1.7555170166072454e-06
1574106595532,2019-11-18T14:49:55.532,3.75,4.142292276646206e-05,2.1258528346335777e-05,-5.956050264667998e-06
1574106595582,2019-11-18T14:49:55.582,3.8,4.2020675888912175e-05,2.0961178735602942e-05,-8.510395208002917e-06
1574106595632,2019-11-18T14:49:55.632,3.85,4.2374846239595546e-05,2.110626011732613e-05,-8.815352692731028e-06
1574106595682,2019-11-18T14:49:55.682,3.9,4.198703616527225e-05,2.1009019650297504e-05,-8.192621575410795e-06
1574106595732,2019-11-18T14:49:55.732,3.95,4.151121337971699e-05,2.018835106172694e-05,-8.093776299132423e-06
1574106595782,2019-11-18T14:49:55.782,4.0,4.2032536538594234e-05,1.88537967433172e-05,-7.923948680583258e-06
1574106595832,2019-11-18T14:49:55.832,4.05,4.292321055807793e-05,1.7552645933267903e-05,-6.152688606762782e-06
1574106595882,2019-11-18T14:49:55.882,4.1,4.247212769196497e-05,1.6578790365363566e-05,-2.8412680103270826e-06
1574106595932,2019-11-18T14:49:55.932,4.15,4.0367341650348307e-05,1.5835788003602525e-05,5.433173694169606e-07
1574106595982,2019-11-18T14:49:55.982,4.2,3.785253280176063e-05,1.521309871128673e-05,3.128062864123224e-06
1574106596032,2019-11-18T14:49:56.032,4.25,3.566118997329565e-05,1.4713794595964574e-05,5.280302850918438e-06
1574106596082,2019-11-18T14:49:56.082,4.3,3.328686440248399e-05,1.4112521143852424e-05,7.68009764241373e-06
1574106596132,2019-11-18T14:49:56.132,4.35,3.0313898699694814e-05,1.2954540179630921e-05,1.0288692345484333e-05
1574106596182,2019-11-18T14:49:56.182,4.4,2.7192474949293056e-05,1.110386092894101e-05,1.2284337428482228e-05
1574106596232,2019-11-18T14:49:56.232,4.45,2.441334581000386e-05,9.03593020491759e-06,1.3077994319259236e-05
1574106596282,2019-11-18T14:49:56.282,4.5,2.1923543071922088e-05,7.497228848682349e-06,1.301656651058937e-05
1574106596332,2019-11-18T14:49:56.332,4.55,1.972681377471511e-05,6.858485935889019e-06,1.2707783091676426e-05
1574106596382,2019-11-18T14:49:56.382,4.6,1.8201336555384423e-05,6.693656667995779e-06,1.2222742238991448e-05
1574106596432,2019-11-18T14:49:56.432,4.65,1.7393239506812086e-05,6.230698369176143e-06,1.1475586426277402e-05
1574106596482,2019-11-18T14:49:56.482,4.7,1.6767841668219424e-05,5.370807892352246e-06,1.0655746531702733e-05
1574106596532,2019-11-18T14:49:56.532,4.75,1.607992400359946e-05,4.770831168550153e-06,9.61847517811568e-06
1574106596582,2019-11-18T14:49:56.582,4.8,1.5679934754572713e-05,4.783832179234646e-06,7.731177910861125e-06
1574106596632,2019-11-18T14:49:56.632,4.85,1.5577708724398145e-05,4.981117969847055e-06,5.172772571513037e-06
1574106596682,2019-11-18T14:49:56.682,4.9,1.5195046021960571e-05,4.858211776981592e-06,3.3678820756161037e-06
1574106596732,2019-11-18T14:49:56.732,4.95,1.4507666774044068e-05,4.440542266876748e-06,3.1551508489410183e-06
1574106596782,2019-11-18T14:49:56.782,5.0,1.4333652887413806e-05,4.11324286428751e-06,3.5972882657076697e-06
1574106596832,2019-11-18T14:49:56.832,5.05,1.4976760405769428e-05,4.145358982138068e-06,3.5064457105544585e-06
1574106596882,2019-11-18T14:49:56.882,5.1,1.5685546219588677e-05,4.373179533220206e-06,2.9534909771574308e-06
1574106596932,2019-11-18T14:49:56.932,5.15,1.5846380840707563e-05,4.419578150398578e-06,2.372706407630005e-06
1574106596982,2019-11-18T14:49:56.982,5.2,1.5588566616889273e-05,4.237461596904846e-06,1.345338337571231e-06
1574106597032,2019-11-18T14:49:57.032,5.25,1.5013663510634636e-05,3.990886144113809e-06,-6.505624788091572e-07
1574106597082,2019-11-18T14:49:57.082,5.3,1.3992361062144478e-05,3.5584422571058435e-06,-2.974140008832024e-06
1574106597132,2019-11-18T14:49:57.132,5.35,1.2831261457742002e-05,2.9591192792907067e-06,-4.399506485172328e-06
1574106597182,2019-11-18T14:49:57.182,5.4,1.209569977223553e-05,2.795064221762692e-06,-4.797451930255449e-06
1574106597232,2019-11-18T14:49:57.232,5.45,1.1753343413778755e-05,3.223463132269102e-06,-5.189037333989252e-06
1574106597282,2019-11-18T14:49:57.282,5.5,1.1291751194584771e-05,3.2889803975738654e-06,-6.1309446880774336e-06
1574106597332,2019-11-18T14:49:57.332,5.55,1.046063954497634e-05,2.329453099196482e-06,-7.302447639560733e-06
1574106597382,2019-11-18T14:49:57.382,5.6,9.240778489982515e-06,1.0052561090213442e-06,-8.538514986627177e-06
1574106597432,2019-11-18T14:49:57.432,5.65,7.677324978608549e-06,5.78371898814477e-08,-9.747788768964245e-06
1574106597482,2019-11-18T14:49:57.482,5.7,6.44576205508654e-06,-7.748871851637417e-07,-1.0219315783024851e-05
1574106597532,2019-11-18T14:49:57.532,5.75,6.627363403338535e-06,-1.7916621049844366e-06,-9.566830398513476e-06
1574106597582,2019-11-18T14:49:57.582,5.8,8.10870429631617e-06,-2.358592634977101e-06,-8.7325145460087e-06
1574106597632,2019-11-18T14:49:57.632,5.85,9.157268248189604e-06,-1.8467760827672946e-06,-8.77033865414057e-06
1574106597682,2019-11-18T14:49:57.682,5.9,8.237752469428761e-06,-9.766152235146737e-07,-9.421825605188156e-06
1574106597732,2019-11-18T14:49:57.732,5.95,5.669464553647045e-06,-1.4516724767517546e-06,-9.789347746588717e-06
1574106597782,2019-11-18T14:49:57.782,6.0,3.192811058058139e-06,-4.266458097726346e-06,-9.517948663456193e-06
1574106597832,2019-11-18T14:49:57.832,6.05,1.9483846458046897e-06,-8.562641584724803e-06,-8.752261885112288e-06
1574106597882,2019-11-18T14:49:57.882,6.1,1.121656878750834e-06,-1.2244396230702462e-05,-7.799010775175583e-06
1574106597932,2019-11-18T14:49:57.932,6.15,-7.651799465839367e-07,-1.4000853090529594e-05,-7.074662465560697e-06
1574106597982,2019-11-18T14:49:57.982,6.2,-3.6293745636480176e-06,-1.4701810874579803e-05,-6.640253692975567e-06
1574106598032,2019-11-18T14:49:58.032,6.25,-6.0755011811853965e-06,-1.6275176586521256e-05,-5.797111510478703e-06
1574106598082,2019-11-18T14:49:58.082,6.3,-7.28141041974964e-06,-1.9192586751097946e-05,-3.7574615546593704e-06
1574106598132,2019-11-18T14:49:58.132,6.35,-7.410729123567694e-06,-2.176051770756708e-05,-6.924495312718171e-07
1574106598182,2019-11-18T14:49:58.182,6.4,-6.909296438555538e-06,-2.2152262480376187e-05,2.2775199291996677e-06
1574106598232,2019-11-18T14:49:58.232,6.45,-6.463915453581012e-06,-2.064757486069661e-05,4.180065946754229e-06
1574106598282,2019-11-18T14:49:58.282,6.5,-6.86873979458862e-06,-1.93951089412669e-05,5.090523767893044e-06
1574106598332,2019-11-18T14:49:58.332,6.55,-7.936817110780158e-06,-1.993587189581008e-05,5.868870112120557e-06
1574106598382,2019-11-18T14:49:58.382,6.6,-8.16344985105936e-06,-2.1341931211229896e-05,7.114916245195376e-06
1574106598432,2019-11-18T14:49:58.432,6.65,-6.4849824006571335e-06,-2.1247621728004503e-05,8.539935709635575e-06
1574106598482,2019-11-18T14:49:58.482,6.7,-3.938475402865646e-06,-1.8622501517616246e-05,9.470390556355644e-06
1574106598532,2019-11-18T14:49:58.532,6.75,-2.506074862533929e-06,-1.498121504029978e-05,9.831689588146386e-06
1574106598582,2019-11-18T14:49:58.582,6.8,-2.5821147594480687e-06,-1.265143790135706e-05,1.0179293437780053e-05
1574106598632,2019-11-18T14:49:58.632,6.85,-2.5757119773301373e-06,-1.2150393126169095e-05,1.0729352593103298e-05
1574106598682,2019-11-18T14:49:58.682,6.9,-1.0082008772614389e-06,-1.1700243952323975e-05,1.1046332913591455e-05
1574106598732,2019-11-18T14:49:58.732,6.95,1.685946706904691e-06,-9.511466602737768e-06,1.0768574417882815e-05
1574106598782,2019-11-18T14:49:58.782,7.0,3.8642157218656736e-06,-6.04874679114234e-06,9.930396116702227e-06
1574106598832,2019-11-18T14:49:58.832,7.05,4.936576345695732e-06,-3.3950267951459023e-06,8.710931968093352e-06
1574106598882,2019-11-18T14:49:58.882,7.1,5.970814084009446e-06,-2.691998229365517e-06,7.50074327579389e-06
1574106598932,2019-11-18T14:49:58.932,7.15,7.795661532121858e-06,-2.9508704546840856e-06,6.709676153048503e-06
1574106598982,2019-11-18T14:49:58.982,7.2,9.81223024714916e-06,-2.3518740435468507e-06,5.944258790986814e-06
1574106599032,2019-11-18T14:49:59.032,7.25,1.1283186314807088e-05,-2.4699571879449976e-07,4.186393783241841e-06
1574106599082,2019-11-18T14:49:59.082,7.3,1.2432848379965203e-05,2.314608303406126e-06,1.365308124044746e-06
1574106599132,2019-11-18T14:49:59.132,7.35,1.3660173533077967e-05,3.89317062975742e-06,-1.1093176618801383e-06
1574106599182,2019-11-18T14:49:59.182,7.4,1.4968446232074816e-05,4.007823576274014e-06,-2.033508037810281e-06
1574106599232,2019-11-18T14:49:59.232,7.45,1.6555167819469685e-05,3.1144751241988668e-06,-2.086413574341269e-06
1574106599282,2019-11-18T14:49:59.282,7.5,1.8761983893405136e-05,2.0720284634037982e-06,-3.0906060480393367e-06
1574106599332,2019-11-18T14:49:59.332,7.55,2.1286720016351993e-05,1.8966203453040753e-06,-5.522066604178069e-06
1574106599382,2019-11-18T14:49:59.382,7.6,2.327151596843363e-05,3.1177894381151593e-06,-7.6038217945070305e-06
1574106599432,2019-11-18T14:49:59.432,7.65,2.4109781253108964e-05,5.106088169107627e-06,-7.64610253262362e-06
1574106599482,2019-11-18T14:49:59.482,7.7,2.397013415193167e-05,6.695609813062215e-06,-6.344387537240145e-06
1574106599532,2019-11-18T14:49:59.532,7.75,2.3743257585193538e-05,7.317587672975204e-06,-5.596116930203974e-06
1574106599582,2019-11-18T14:49:59.582,7.8,2.411505455813341e-05,7.031694181968175e-06,-6.094029877105708e-06
1574106599632,2019-11-18T14:49:59.632,7.85,2.4611911355925552e-05,6.1683855950364856e-06,-7.302465294046853e-06
1574106599682,2019-11-18T14:49:59.682,7.9,2.436692683143988e-05,5.617197998593109e-06,-8.689760756643371e-06
1574106599732,2019-11-18T14:49:59.732,7.95,2.3637344938042177e-05,6.491283900134846e-06,-9.829939995410242e-06
1574106599782,2019-11-18T14:49:59.782,8.0,2.3312827781946707e-05,8.698260537968377e-06,-1.0278054240741212e-05
1574106599832,2019-11-18T14:49:59.832,8.05,2.303750360628203e-05,1.0767668587360118e-05,-1.0285741297741337e-05
1574106599882,2019-11-18T14:49:59.882,8.1,2.1336481812224805e-05,1.1596597417945147e-05,-1.0784745026796719e-05
1574106599932,2019-11-18T14:49:59.932,8.15,1.785350899002656e-05,1.1402030033466959e-05,-1.2052501366537487e-05
1574106599982,2019-11-18T14:49:59.982,8.2,1.3847361381533301e-05,1.0755867351035281e-05,-1.3281689852333796e-05
1574106600032,2019-11-18T14:50:00.032,8.25,9.958745255925079e-06,9.617791790561027e-06,-1.3785637407148992e-05
1574106600082,2019-11-18T14:50:00.082,8.3,5.376883987460816e-06,7.656771288363173e-06,-1.3638553899686311e-05
1574106600132,2019-11-18T14:50:00.132,8.35,2.4611555074268414e-08,5.143853180858347e-06,-1.3090361122299415e-05
1574106600182,2019-11-18T14:50:00.182,8.4,-4.472229359951785e-06,2.935997287923778e-06,-1.2487602423479148e-05
1574106600232,2019-11-18T14:50:00.232,8.45,-6.998346207435057e-06,1.2202794177948155e-06,-1.2565496642214634e-05
1574106600282,2019-11-18T14:50:00.282,8.5,-8.374740393779985e-06,-9.570204709203918e-07,-1.3605015760887244e-05
1574106600332,2019-11-18T14:50:00.332,8.55,-9.766469133677405e-06,-4.052213185672533e-06,-1.4700952592432786e-05
1574106600382,2019-11-18T14:50:00.382,8.6,-1.1097513467421248e-05,-6.83512081175323e-06,-1.490042358780949e-05
1574106600432,2019-11-18T14:50:00.432,8.65,-1.181884408165936e-05,-7.98565621030611e-06,-1.443308156699901e-05
1574106600482,2019-11-18T14:50:00.482,8.7,-1.2283280491019899e-05,-8.018049862796218e-06,-1.4100394729364247e-05
1574106600532,2019-11-18T14:50:00.532,8.75,-1.3297262233059166e-05,-8.468471286159398e-06,-1.4191611575328364e-05
1574106600582,2019-11-18T14:50:00.582,8.8,-1.464709918208865e-05,-9.852042675068455e-06,-1.4382166853031363e-05
1574106600632,2019-11-18T14:50:00.632,8.85,-1.5399377581535394e-05,-1.1433319757944237e-05,-1.4173822121732143e-05
1574106600682,2019-11-18T14:50:00.682,8.9,-1.566325785558665e-05,-1.254134403293785e-05,-1.3392111016751757e-05
1574106600732,2019-11-18T14:50:00.732,8.95,-1.6469514846991097e-05,-1.3162158382856543e-05,-1.2405833603357892e-05
1574106600782,2019-11-18T14:50:00.782,9.0,-1.785974964461775e-05,-1.3391116861023141e-05,-1.1709356440754529e-05
1574106600832,2019-11-18T14:50:00.832,9.05,-1.887717900767413e-05,-1.3124307943997144e-05,-1.1402199587439509e-05
1574106600882,2019-11-18T14:50:00.882,9.1,-1.9445487041512183e-05,-1.2503114699342469e-05,-1.1206319681871897e-05
1574106600932,2019-11-18T14:50:00.932,9.15,-2.043976220931479e-05,-1.2222684804744635e-05,-1.0808167304016143e-05
1574106600982,2019-11-18T14:50:00.982,9.2,-2.189923108433683e-05,-1.2985084119394713e-05,-1.0130881898350167e-05
1574106601032,2019-11-18T14:50:01.032,9.25,-2.2777727288608314e-05,-1.460408991846713e-05,-9.413111875442596e-06
1574106601082,2019-11-18T14:50:01.082,9.3,-2.2521297801921676e-05,-1.597145245022661e-05,-9.075893182654608e-06
1574106601132,2019-11-18T14:50:01.132,9.35,-2.168083541630794e-05,-1.604091588653755e-05,-9.387739812865891e-06
1574106601182,2019-11-18T14:50:01.182,9.4,-2.0806678361408032e-05,-1.4516149794461858e-05,-1.0130672103296243e-05
1574106601232,2019-11-18T14:50:01.232,9.45,-1.9634547815531648e-05,-1.1671051877027289e-05,-1.0756081510978297e-05
1574106601282,2019-11-18T14:50:01.282,9.5,-1.7862417738807514e-05,-8.241497166620496e-06,-1.105269667782916e-05
1574106601332,2019-11-18T14:50:01.332,9.55,-1.612942318127493e-05,-5.487713731098682e-06,-1.1386013254488489e-05
1574106601382,2019-11-18T14:50:01.382,9.6,-1.5347818517515316e-05,-4.356624649923851e-06,-1.1998467659413455e-05
1574106601432,2019-11-18T14:50:01.432,9.65,-1.5400739141905327e-05,-4.307256119392841e-06,-1.2481012831518381e-05
1574106601482,2019-11-18T14:50:01.482,9.7,-1.5373084537208715e-05,-3.837375405806009e-06,-1.2423456979860263e-05
1574106601532,2019-11-18T14:50:01.532,9.75,-1.4618724274240427e-05,-2.402266368747393e-06,-1.2137450164248357e-05
1574106601582,2019-11-18T14:50:01.582,9.8,-1.2913238530758469e-05,-8.120191510344727e-07,-1.2118257639894663e-05
1574106601632,2019-11-18T14:50:01.632,9.85,-1.0311959133572727e-05,5.860747515206353e-07,-1.2336932714200923e-05
1574106601682,2019-11-18T14:50:01.682,9.9,-7.415217684926738e-06,2.775115451330496e-06,-1.259311898869352e-05
1574106601732,2019-11-18T14:50:01.732,9.95,-5.0665385137297205e-06,6.262246295662795e-06,-1.2751098566759176e-05
1574106601782,2019-11-18T14:50:01.782,10.0,-3.5736685642221726e-06,9.603534300704079e-06,-1.2433036190162305e-05
1574106601832,2019-11-18T14:50:01.832,10.05,-2.6992700567338663e-06,1.0930502629078389e-05,-1.1585829272471511e-05
1574106601882,2019-11-18T14:50:01.882,10.1,-2.129095113867123e-06,1.032472080147336e-05,-1.1012622624315187e-05
1574106601932,2019-11-18T14:50:01.932,10.15,-1.4582274724451522e-06,9.722119314017873e-06,-1.116680633656662e-05
1574106601982,2019-11-18T14:50:01.982,10.2,-2.7141068995715007e-07,1.059852047621509e-05,-1.1340277777508843e-05
1574106602032,2019-11-18T14:50:02.032,10.25,1.1041516897025496e-06,1.2401205591212791e-05,-1.1041475877742788e-05
1574106602082,2019-11-18T14:50:02.082,10.3,1.5332967018068874e-06,1.3477491931045774e-05,-1.0817876452416738e-05
1574106602132,2019-11-18T14:50:02.132,10.35,5.033158062588046e-07,1.2849767839059941e-05,-1.0913831379969187e-05
1574106602182,2019-11-18T14:50:02.182,10.4,-1.104165187438545e-06,1.0590772769390897e-05,-1.0575703504754502e-05
1574106602232,2019-11-18T14:50:02.232,10.45,-2.4217997364666103e-06,7.521570395025249e-06,-9.410179143558003e-06
1574106602282,2019-11-18T14:50:02.282,10.5,-3.7708318166226096e-06,5.218365918585718e-06,-8.189967874632324e-06
1574106602332,2019-11-18T14:50:02.332,10.55,-5.628735694928515e-06,4.868606566982227e-06,-7.639852293871757e-06
1574106602382,2019-11-18T14:50:02.382,10.6,-7.60078148192144e-06,5.422808334433919e-06,-7.3850200760526965e-06
1574106602432,2019-11-18T14:50:02.432,10.65,-9.120954125308667e-06,4.529574871355565e-06,-6.714264459953874e-06
1574106602482,2019-11-18T14:50:02.482,10.7,-1.00739670659136e-05,1.8223191940969248e-06,-5.670429154883394e-06
1574106602532,2019-11-18T14:50:02.532,10.75,-1.0437477244339784e-05,-5.65581609173012e-07,-4.849222958928094e-06
1574106602582,2019-11-18T14:50:02.582,10.8,-1.0351277299353465e-05,-1.1155306572539205e-06,-4.528289633763654e-06
1574106602632,2019-11-18T14:50:02.632,10.85,-1.0495416963078086e-05,-4.0415187557484473e-07,-4.414159540562671e-06
1574106602682,2019-11-18T14:50:02.682,10.9,-1.1393217294170519e-05,7.085643566721529e-07,-4.151652813604421e-06
1574106602732,2019-11-18T14:50:02.732,10.95,-1.2389948004803522e-05,1.710139544147044e-06,-3.738547610628748e-06
1574106602782,2019-11-18T14:50:02.782,11.0,-1.2210025614217678e-05,1.4662504355216636e-06,-3.2961112872128023e-06
1574106602832,2019-11-18T14:50:02.832,11.05,-1.0589109972047822e-05,-1.6987276766359235e-07,-2.7547658362743815e-06
1574106602882,2019-11-18T14:50:02.882,11.1,-8.623162983678991e-06,-6.496467618635289e-07,-2.026092253164046e-06
1574106602932,2019-11-18T14:50:02.932,11.15,-7.426717589570186e-06,2.0229137984122963e-06,-1.208961124636066e-06
1574106602982,2019-11-18T14:50:02.982,11.2,-7.0867706086299585e-06,5.870593646896661e-06,-4.6937034901368675e-07
1574106603032,2019-11-18T14:50:03.032,11.25,-7.026406799235297e-06,7.6225794468460104e-06,4.395384005733521e-08
1574106603082,2019-11-18T14:50:03.082,11.3,-6.833124639511306e-06,6.978490549330883e-06,2.7509368436623744e-07
1574106603132,2019-11-18T14:50:03.132,11.35,-6.432152825411802e-06,6.092054185723032e-06,4.287093442019886e-07
1574106603182,2019-11-18T14:50:03.182,11.4,-5.687985699848504e-06,6.2908967868688205e-06,6.828009597663322e-07
1574106603232,2019-11-18T14:50:03.232,11.45,-4.290207905162584e-06,6.863192502884585e-06,7.315567539694979e-07
1574106603282,2019-11-18T14:50:03.282,11.5,-2.2511382604606383e-06,6.7604281650351494e-06,1.6189796632970638e-07
1574106603332,2019-11-18T14:50:03.332,11.55,-2.57840829541076e-07,6.552061484219904e-06,-8.351709468662438e-07
1574106603382,2019-11-18T14:50:03.382,11.6,8.588994456619022e-07,7.5834515185796916e-06,-1.6053589401407998e-06
1574106603432,2019-11-18T14:50:03.432,11.65,1.0225993594917173e-06,9.331525118093874e-06,-1.7927057963168624e-06
1574106603482,2019-11-18T14:50:03.482,11.7,9.342853816710399e-07,9.675989121704338e-06,-1.7257977291320814e-06
1574106603532,2019-11-18T14:50:03.532,11.75,1.0750429299692084e-06,8.202262582433443e-06,-1.9420113333122144e-06
1574106603582,2019-11-18T14:50:03.582,11.8,1.0595533257364343e-06,6.821692576034418e-06,-2.3362343339678225e-06
1574106603632,2019-11-18T14:50:03.632,11.85,1.8576657991289376e-07,6.687223008500349e-06,-2.254470844564672e-06
1574106603682,2019-11-18T14:50:03.682,11.9,-1.634226649779272e-06,6.8631804278180806e-06,-1.6038089737918452e-06
1574106603732,2019-11-18T14:50:03.732,11.95,-3.6266034938781496e-06,6.311473313125819e-06,-9.82961052523014e-07
1574106603782,2019-11-18T14:50:03.782,12.0,-4.871656465874534e-06,5.195611055058909e-06,-4.878861608917676e-07
1574106603832,2019-11-18T14:50:03.832,12.05,-5.3478538355760015e-06,4.094538884878395e-06,3.7365079363877256e-07
1574106603882,2019-11-18T14:50:03.882,12.1,-5.875886000500576e-06,3.2513450585633395e-06,1.3941373584303073e-06
1574106603932,2019-11-18T14:50:03.932,12.15,-6.770271225599098e-06,2.603274057289793e-06,1.6824732082679294e-06
1574106603982,2019-11-18T14:50:03.982,12.2,-7.376176779470263e-06,2.0318785597313408e-06,1.1277272772418605e-06
1574106604032,2019-11-18T14:50:04.032,12.25,-7.396968139317598e-06,1.61645617070296e-06,5.865323686375836e-07
1574106604082,2019-11-18T14:50:04.082,12.3,-7.502109974238071e-06,1.445474329693405e-06,5.047024115322242e-07
1574106604132,2019-11-18T14:50:04.132,12.35,-7.976787267089311e-06,1.2948408470005234e-06,4.096990207732453e-07
1574106604182,2019-11-18T14:50:04.182,12.4,-8.046051825673555e-06,1.1025485406282112e-06,-1.846620154578425e-07
1574106604232,2019-11-18T14:50:04.232,12.45,-7.27346505163765e-06,1.2738249436975189e-06,-1.2328106129211382e-06
1574106604282,2019-11-18T14:50:04.282,12.5,-6.480388267338593e-06,1.7683767271113199e-06,-2.4821717581101185e-06
1574106604332,2019-11-18T14:50:04.332,12.55,-6.54002287506063e-06,1.7005190160606302e-06,-3.722738697972846e-06
1574106604382,2019-11-18T14:50:04.382,12.6,-7.147976493375012e-06,5.861578115554451e-07,-4.796586947627782e-06
1574106604432,2019-11-18T14:50:04.432,12.65,-7.446203840816842e-06,-8.463218869968503e-07,-5.5797937158967865e-06
1574106604482,2019-11-18T14:50:04.482,12.7,-7.303828565102919e-06,-1.7616479753453953e-06,-5.844490805280647e-06
1574106604532,2019-11-18T14:50:04.532,12.75,-7.451868570622782e-06,-2.4710429449930255e-06,-5.433169320653035e-06
1574106604582,2019-11-18T14:50:04.582,12.8,-8.50881950089949e-06,-3.858908618780344e-06,-4.735444079302789e-06
1574106604632,2019-11-18T14:50:04.632,12.85,-1.022071643613809e-05,-5.993077468103452e-06,-4.380514746463194e-06
1574106604682,2019-11-18T14:50:04.682,12.9,-1.1832626188317088e-05,-8.132459484933298e-06,-4.327919751855297e-06
1574106604732,2019-11-18T14:50:04.732,12.95,-1.2971761980010888e-05,-9.842282806319177e-06,-3.908979783033368e-06
1574106604782,2019-11-18T14:50:04.782,13.0,-1.378677813437431e-05,-1.1213459017089037e-05,-2.827686235532549e-06
1574106604832,2019-11-18T14:50:04.832,13.05,-1.4372990308081825e-05,-1.2164453781200987e-05,-1.6345546879074654e-06
1574106604882,2019-11-18T14:50:04.882,13.1,-1.4536004341516981e-05,-1.2480012660752013e-05,-1.138519823910335e-06
1574106604932,2019-11-18T14:50:04.932,13.15,-1.4147569566780135e-05,-1.2478020975434412e-05,-1.5812791793872473e-06
1574106604982,2019-11-18T14:50:04.982,13.2,-1.3425475207551377e-05,-1.2686312374042238e-05,-2.457671842926992e-06
1574106605032,2019-11-18T14:50:05.032,13.25,-1.2829969035945916e-05,-1.2927159626620114e-05,-3.0754334650139675e-06
1574106605082,2019-11-18T14:50:05.082,13.3,-1.2750395382010965e-05,-1.269045180912009e-05,-3.203819709161158e-06
1574106605132,2019-11-18T14:50:05.132,13.35,-1.3140460355731203e-05,-1.2202643534496645e-05,-3.1170650785592932e-06
1574106605182,2019-11-18T14:50:05.182,13.4,-1.3519717512923019e-05,-1.2108005428192362e-05,-3.159973144900925e-06
1574106605232,2019-11-18T14:50:05.232,13.45,-1.3518223261238095e-05,-1.240224340813283e-05,-3.5127425668171076e-06
1574106605282,2019-11-18T14:50:05.282,13.5,-1.3205050004651076e-05,-1.259621653227292e-05,-4.188302772295753e-06
1574106605332,2019-11-18T14:50:05.332,13.55,-1.2824794076900915e-05,-1.2528548862061844e-05,-4.9510857980150995e-06
1574106605382,2019-11-18T14:50:05.382,13.6,-1.2584451000294095e-05,-1.230272663625627e-05,-5.509978070119142e-06
1574106605432,2019-11-18T14:50:05.432,13.65,-1.2652970679564109e-05,-1.1914047173978944e-05,-6.009287709226497e-06
1574106605482,2019-11-18T14:50:05.482,13.7,-1.2994094050502723e-05,-1.1486958135595234e-05,-6.888949306487686e-06
1574106605532,2019-11-18T14:50:05.532,13.75,-1.3254636424649096e-05,-1.1378368689374808e-05,-8.145825564713489e-06
1574106605582,2019-11-18T14:50:05.582,13.8,-1.310244024317163e-05,-1.163149781076137e-05,-9.250361867191295e-06
1574106605632,2019-11-18T14:50:05.632,13.85,-1.2711201095549342e-05,-1.1824986933951278e-05,-9.784493755879133e-06
1574106605682,2019-11-18T14:50:05.682,13.9,-1.263970563694396e-05,-1.176246059759087e-05,-9.78600144682498e-06
1574106605732,2019-11-18T14:50:05.732,13.95,-1.302131643487788e-05,-1.1716409397728772e-05,-9.680131502103434e-06
1574106605782,2019-11-18T14:50:05.782,14.0,-1.3276316987885184e-05,-1.1725014505221023e-05,-1.0005667399272898e-05
1574106605832,2019-11-18T14:50:05.832,14.05,-1.3079026800220461e-05,-1.1436377838644544e-05,-1.08060883237328e-05
1574106605882,2019-11-18T14:50:05.882,14.1,-1.3036473857522884e-05,-1.0970598784765588e-05,-1.1355746785710138e-05
1574106605932,2019-11-18T14:50:05.932,14.15,-1.3668822407161247e-05,-1.0985557297737998e-05,-1.0933696718699574e-05
1574106605982,2019-11-18T14:50:05.982,14.2,-1.4366778936739805e-05,-1.1558503198219934e-05,-9.607201697573256e-06
1574106606032,2019-11-18T14:50:06.032,14.25,-1.438615844706516e-05,-1.1981682037922163e-05,-7.77262078603928e-06
1574106606082,2019-11-18T14:50:06.082,14.3,-1.4213046430094765e-05,-1.1759817249484792e-05,-5.4289171455791135e-06
1574106606132,2019-11-18T14:50:06.132,14.35,-1.4667292808997277e-05,-1.0865441302150145e-05,-2.6048219263918783e-06
1574106606182,2019-11-18T14:50:06.182,14.4,-1.534638490166628e-05,-9.290171988156814e-06,7.952352473214959e-08
1574106606232,2019-11-18T14:50:06.232,14.45,-1.5273386277888054e-05,-7.179972716606985e-06,2.1340091092593947e-06
1574106606282,2019-11-18T14:50:06.282,14.5,-1.426661669307256e-05,-4.932089038496819e-06,3.94804577412997e-06
1574106606332,2019-11-18T14:50:06.332,14.55,-1.2636506132898324e-05,-2.7542723552395234e-06,6.036806876839697e-06
1574106606382,2019-11-18T14:50:06.382,14.6,-1.0485009164638007e-05,-6.876278239699558e-07,8.134715311635735e-06
1574106606432,2019-11-18T14:50:06.432,14.65,-7.882076422511421e-06,1.123268117235641e-06,9.776256572816852e-06
1574106606482,2019-11-18T14:50:06.482,14.7,-4.941353812998536e-06,2.7748838527779487e-06,1.1051041479767432e-05
1574106606532,2019-11-18T14:50:06.532,14.75,-1.6669172462082214e-06,4.70080210235778e-06,1.2008445922551164e-05
1574106606582,2019-11-18T14:50:06.582,14.8,1.8617194002136113e-06,7.004121202594989e-06,1.2171181256814021e-05
1574106606632,2019-11-18T14:50:06.632,14.85,5.4320314025680525e-06,9.251759457756449e-06,1.1406264978936527e-05
1574106606682,2019-11-18T14:50:06.682,14.9,8.868930860164788e-06,1.104276969415693e-05,1.0358027242770488e-05
1574106606732,2019-11-18T14:50:06.732,14.95,1.1963292637646253e-05,1.2288965756311888e-05,9.47664029153342e-06
1574106606782,2019-11-18T14:50:06.782,15.0,1.4411967696148427e-05,1.3034922073960287e-05,8.582762593081492e-06
1574106606832,2019-11-18T14:50:06.832,15.05,1.6011200637975594e-05,1.3387798173933705e-05,7.59603923051409e-06
1574106606882,2019-11-18T14:50:06.882,15.1,1.67833402442675e-05,1.3551579791051972e-05,6.7170738557484385e-06
1574106606932,2019-11-18T14:50:06.932,15.15,1.693410602180721e-05,1.3751046252086929e-05,5.865536576983721e-06
1574106606982,2019-11-18T14:50:06.982,15.2,1.6671231609733742e-05,1.4080840650727785e-05,4.734604645443674e-06
1574106607032,2019-11-18T14:50:07.032,15.25,1.5948118230519258e-05,1.4435820795934693e-05,3.4216172287793684e-06
1574106607082,2019-11-18T14:50:07.082,15.3,1.4548759103093742e-05,1.4615413889447995e-05,2.5476548748474177e-06
1574106607132,2019-11-18T14:50:07.132,15.35,1.2507065710008084e-05,1.4354360033669024e-05,2.6926111273490255e-06
1574106607182,2019-11-18T14:50:07.182,15.4,1.019453572443938e-05,1.3309618107260322e-05,3.826258410754489e-06
1574106607232,2019-11-18T14:50:07.232,15.45,7.996993443014995e-06,1.1516569660533137e-05,5.29738520926787e-06
1574106607282,2019-11-18T14:50:07.282,15.5,6.109451310192051e-06,9.749620725133036e-06,6.437075454092094e-06
1574106607332,2019-11-18T14:50:07.332,15.55,4.548474237139271e-06,8.66365301440442e-06,7.18641070501506e-06
1574106607382,2019-11-18T14:50:07.382,15.6,3.225273357590061e-06,7.821760574593386e-06,7.93986753861567e-06
1574106607432,2019-11-18T14:50:07.432,15.65,2.1163841633099853e-06,6.554674087247623e-06,8.854891793429161e-06
1574106607482,2019-11-18T14:50:07.482,15.7,1.4066065488829783e-06,5.287788521260267e-06,9.75528823858945e-06
1574106607532,2019-11-18T14:50:07.532,15.75,1.2274545870561577e-06,4.668245818892819e-06,1.058057428108983e-05
1574106607582,2019-11-18T14:50:07.582,15.8,1.165480024414818e-06,3.992838264573809e-06,1.138636127222367e-05
1574106607632,2019-11-18T14:50:07.632,15.85,5.197659898868262e-07,2.1756543593527053e-06,1.2089453232841542e-05
1574106607682,2019-11-18T14:50:07.682,15.9,-7.144224509810896e-07,-2.843794354763572e-07,1.2565485187499204e-05
1574106607732,2019-11-18T14:50:07.732,15.95,-1.8143002689952909e-06,-1.973703116030949e-06,1.2664616302914338e-05
1574106607782,2019-11-18T14:50:07.782,16.0,-2.5018394514288595e-06,-2.6405389255747593e-06,1.215465499517713e-05
1574106607832,2019-11-18T14:50:07.832,16.05,-3.2655669563274016e-06,-3.1431186270112155e-06,1.1222760285787293e-05
1574106607882,2019-11-18T14:50:07.882,16.1,-4.298347752586667e-06,-3.87928566654493e-06,1.0691187235202933e-05
1574106607932,2019-11-18T14:50:07.932,16.15,-5.022479367512288e-06,-4.450989722893801e-06,1.094600936823425e-05
1574106607982,2019-11-18T14:50:07.982,16.2,-5.038418936569257e-06,-4.586393277953755e-06,1.1120232494844932e-05
1574106608032,2019-11-18T14:50:08.032,16.25,-4.854739301150431e-06,-4.637037588794608e-06,1.0154963429154939e-05
1574106608082,2019-11-18T14:50:08.082,16.3,-5.186355687216941e-06,-5.069107128299107e-06,8.212899504873068e-06
1574106608132,2019-11-18T14:50:08.132,16.35,-6.021133710747727e-06,-5.776596121522896e-06,6.391701768667672e-06
1574106608182,2019-11-18T14:50:08.182,16.4,-6.8979485557672625e-06,-6.307668133653015e-06,5.383822084498485e-06
1574106608232,2019-11-18T14:50:08.232,16.45,-7.648790455021837e-06,-6.650800606478532e-06,4.907812390163326e-06
1574106608282,2019-11-18T14:50:08.282,16.5,-8.324601527968036e-06,-7.195619653273049e-06,4.468965577392579e-06
1574106608332,2019-11-18T14:50:08.332,16.55,-8.813398412850645e-06,-7.996553972053525e-06,4.255584542644075e-06
1574106608382,2019-11-18T14:50:08.382,16.6,-9.03462604313921e-06,-8.626778767914744e-06,4.6453183460779165e-06
1574106608432,2019-11-18T14:50:08.432,16.65,-9.18336180082691e-06,-8.709459883375788e-06,5.142861086005427e-06
1574106608482,2019-11-18T14:50:08.482,16.7,-9.417949197462761e-06,-8.31905567223418e-06,4.977027823543989e-06
1574106608532,2019-11-18T14:50:08.532,16.75,-9.509137609740912e-06,-7.925994108465285e-06,4.499818616268433e-06
1574106608582,2019-11-18T14:50:08.582,16.8,-9.043085949284482e-06,-8.017912154184712e-06,4.690488234766123e-06
1574106608632,2019-11-18T14:50:08.632,16.85,-7.998121879681075e-06,-8.702153722055356e-06,5.691487844138383e-06
1574106608682,2019-11-18T14:50:08.682,16.9,-6.951040526939438e-06,-9.618671825358462e-06,6.930143429351061e-06
1574106608732,2019-11-18T14:50:08.732,16.95,-6.384727692401622e-06,-1.0203198687093908e-05,7.931967400785875e-06
1574106608782,2019-11-18T14:50:08.782,17.0,-5.953443925244231e-06,-1.0054833632007814e-05,8.341319087511991e-06
1574106608832,2019-11-18T14:50:08.832,17.05,-5.069614303174796e-06,-9.132719724452792e-06,8.147768904276312e-06
1574106608882,2019-11-18T14:50:08.882,17.1,-3.993729908127134e-06,-7.600928349408798e-06,7.945085454587697e-06
1574106608932,2019-11-18T14:50:08.932,17.15,-3.4157129102544176e-06,-5.582985897331791e-06,7.971294061578289e-06
1574106608982,2019-11-18T14:50:08.982,17.2,-3.2449242570698813e-06,-3.355453720404794e-06,7.61473647081676e-06
1574106609032,2019-11-18T14:50:09.032,17.25,-2.857449125995076e-06,-1.524055524300319e-06,6.7027724383758884e-06
1574106609082,2019-11-18T14:50:09.082,17.3,-2.1355272053947348e-06,-4.2865502779265564e-07,6.016837411752785e-06
1574106609132,2019-11-18T14:50:09.132,17.35,-1.3797686709479535e-06,2.6979468452226107e-07,5.9441914692249915e-06
1574106609182,2019-11-18T14:50:09.182,17.4,-7.500442670355326e-07,9.63078501460965e-07,5.946824558804206e-06
1574106609232,2019-11-18T14:50:09.232,17.45,-2.7294572120758184e-07,1.662142173179677e-06,5.655370916311475e-06
1574106609282,2019-11-18T14:50:09.282,17.5,2.0087143442940715e-07,2.365486119496186e-06,5.3745648790364245e-06
1574106609332,2019-11-18T14:50:09.332,17.55,1.0070540457530586e-06,3.144372693999035e-06,5.426507413458437e-06
1574106609382,2019-11-18T14:50:09.382,17.6,2.119510088246835e-06,3.851840015379057e-06,5.791860857938069e-06
1574106609432,2019-11-18T14:50:09.432,17.65,3.068215879532795e-06,4.2830054749165604e-06,6.301204046790881e-06
1574106609482,2019-11-18T14:50:09.482,17.7,3.7907196343852685e-06,4.5314238317914025e-06,6.708267277886484e-06
1574106609532,2019-11-18T14:50:09.532,17.75,4.875512885357631e-06,4.798688805503934e-06,6.885478378597219e-06
1574106609582,2019-11-18T14:50:09.582,17.8,6.66780600250477e-06,4.940084045907034e-06,7.118082764462161e-06
1574106609632,2019-11-18T14:50:09.632,17.85,8.85132946177742e-06,4.6452665480594e-06,7.697116909770453e-06
1574106609682,2019-11-18T14:50:09.682,17.9,1.1152866865237893e-05,4.05619154963715e-06,8.278189595968614e-06
1574106609732,2019-11-18T14:50:09.732,17.95,1.3718350524643487e-05,3.6596597936625738e-06,8.247789384473099e-06
1574106609782,2019-11-18T14:50:09.782,18.0,1.6468590928328885e-05,3.6693118270986433e-06,7.559231022064472e-06
1574106609832,2019-11-18T14:50:09.832,18.05,1.885830335923002e-05,4.084317344665837e-06,6.603257628807104e-06
1574106609882,2019-11-18T14:50:09.882,18.1,2.0720652067419305e-05,4.978706595555384e-06,5.448256721833429e-06
1574106609932,2019-11-18T14:50:09.932,18.15,2.2466005979038243e-05,6.262523007057695e-06,3.879572023307072e-06
1574106609982,2019-11-18T14:50:09.982,18.2,2.3988437931379414e-05,7.644394654975183e-06,2.106210846985584e-06
1574106610032,2019-11-18T14:50:10.032,18.25,2.4581222820409595e-05,8.846499829153011e-06,6.888770909680409e-07
1574106610082,2019-11-18T14:50:10.082,18.3,2.439130775148593e-05,9.496102007771504e-06,-2.3723833580358772e-07
1574106610132,2019-11-18T14:50:10.132,18.35,2.4450622334833946e-05,9.421981361263381e-06,-9.093770527802204e-07
1574106610182,2019-11-18T14:50:10.182,18.4,2.483500068867184e-05,9.175178747812756e-06,-1.2283576959335738e-06
1574106610232,2019-11-18T14:50:10.232,18.45,2.4388935385805976e-05,9.277361111277651e-06,-9.33471502859856e-07
1574106610282,2019-11-18T14:50:10.282,18.5,2.2649827114660585e-05,9.262208737894774e-06,-2.5028969358978814e-07
1574106610332,2019-11-18T14:50:10.332,18.55,2.061994874451399e-05,8.618290300636719e-06,4.2654474276443453e-07
1574106610382,2019-11-18T14:50:10.382,18.6,1.9376750275957863e-05,8.010589164493284e-06,1.1661982743399188e-06
1574106610432,2019-11-18T14:50:10.432,18.65,1.899790150563467e-05,8.248876553074973e-06,2.134221673361852e-06
1574106610482,2019-11-18T14:50:10.482,18.7,1.899499011846534e-05,8.750500131544214e-06,3.023147368444957e-06
1574106610532,2019-11-18T14:50:10.532,18.75,1.919892096564311e-05,8.438519549534924e-06,3.448814546342501e-06
1574106610582,2019-11-18T14:50:10.582,18.8,2.001510973794973e-05,7.615697535011506e-06,3.45920845485271e-06
1574106610632,2019-11-18T14:50:10.632,18.85,2.167806821981016e-05,7.41621636961186e-06,3.2626837797863043e-06
1574106610682,2019-11-18T14:50:10.682,18.9,2.3486826092653388e-05,7.76610264058113e-06,2.9532824730696655e-06
1574106610732,2019-11-18T14:50:10.732,18.95,2.4542935113654296e-05,7.599854217862474e-06,2.6609181108785274e-06
1574106610782,2019-11-18T14:50:10.782,19.0,2.5033749430406332e-05,6.864564013412443e-06,2.4966184063342773e-06
1574106610832,2019-11-18T14:50:10.832,19.05,2.57571178617851e-05,6.547043001907484e-06,2.3295491251899083e-06
1574106610882,2019-11-18T14:50:10.882,19.1,2.6638387469343182e-05,6.937083145865921e-06,1.9323779894057013e-06
1574106610932,2019-11-18T14:50:10.932,19.15,2.6802940396973995e-05,7.44742760998109e-06,1.3001204045660441e-06
1574106610982,2019-11-18T14:50:10.982,19.2,2.5922467329538247e-05,7.900861611301873e-06,6.577359067254542e-07
1574106611032,2019-11-18T14:50:11.032,19.25,2.4598273760194314e-05,8.69066319890393e-06,2.073884500188991e-07
1574106611082,2019-11-18T14:50:11.082,19.3,2.35216022792814e-05,9.812264752487075e-06,-1.4335348587916877e-08
1574106611132,2019-11-18T14:50:11.132,19.35,2.2883590057024628e-05,1.0733644676910275e-05,-9.826895642467888e-08
1574106611182,2019-11-18T14:50:11.182,19.4,2.2610222169622233e-05,1.1199960362109087e-05,-2.494596157266441e-07
1574106611232,2019-11-18T14:50:11.232,19.45,2.2760359456289216e-05,1.1406237243517426e-05,-7.434955539865863e-07
1574106611282,2019-11-18T14:50:11.282,19.5,2.348482467624489e-05,1.1448034409116069e-05,-1.6596238768943077e-06
1574106611332,2019-11-18T14:50:11.332,19.55,2.4678986364051505e-05,1.1271640371967597e-05,-2.6417298110350933e-06
1574106611382,2019-11-18T14:50:11.382,19.6,2.5868316071721303e-05,1.0971016204711757e-05,-3.180184278437524e-06
1574106611432,2019-11-18T14:50:11.432,19.65,2.6470474698433616e-05,1.0600161599303072e-05,-3.239683333211504e-06
1574106611482,2019-11-18T14:50:11.482,19.7,2.6100163402170718e-05,1.0083730388086795e-05,-3.2137580341027337e-06
1574106611532,2019-11-18T14:50:11.532,19.75,2.479659915646261e-05,9.614391573531012e-06,-3.0252181201933123e-06
1574106611582,2019-11-18T14:50:11.582,19.8,2.309081674074677e-05,9.509805541655618e-06,-2.031450165195521e-06
1574106611632,2019-11-18T14:50:11.632,19.85,2.1604934492630256e-05,9.611220541106314e-06,-3.1198755418959387e-07
1574106611682,2019-11-18T14:50:11.682,19.9,2.0522946097078855e-05,9.511479052351813e-06,1.0578794587300173e-06
1574106611732,2019-11-18T14:50:11.732,19.95,1.9666989774612453e-05,9.128599049179443e-06,1.6806044595265066e-06
1574106611782,2019-11-18T14:50:11.782,20.0,1.891965644269363e-05,8.494583206780641e-06,2.438961917348542e-06
1574106611832,2019-11-18T14:50:11.832,20.05,1.8289448261128128e-05,7.571915370647618e-06,3.8016887102185077e-06
1574106611882,2019-11-18T14:50:11.882,20.1,1.7787418659291843e-05,6.707507615062824e-06,4.968889826505722e-06
1574106611932,2019-11-18T14:50:11.932,20.15,1.7470573740699085e-05,6.527048598493113e-06,5.197929745078716e-06
1574106611982,2019-11-18T14:50:11.982,20.2,1.737440864298099e-05,7.024187048781216e-06,4.747060282486019e-06
1574106612032,2019-11-18T14:50:12.032,20.25,1.7296267554170407e-05,7.450153434655603e-06,4.220606040958702e-06
1574106612082,2019-11-18T14:50:12.082,20.3,1.695410399915997e-05,7.412164342787733e-06,3.858939230567607e-06
1574106612132,2019-11-18T14:50:12.132,20.35,1.6412194219238522e-05,7.3471486651629905e-06,3.7634279108159545e-06
1574106612182,2019-11-18T14:50:12.182,20.4,1.5923575677618324e-05,7.51375449523464e-06,4.376755836082109e-06
1574106612232,2019-11-18T14:50:12.232,20.45,1.5268674100594196e-05,7.31924872350099e-06,6.1342910418032836e-06
1574106612282,2019-11-18T14:50:12.282,20.5,1.3780147877302538e-05,6.184433179070968e-06,8.578908107280758e-06
1574106612332,2019-11-18T14:50:12.332,20.55,1.1151913223031086e-05,4.397867955247052e-06,1.0683707843210902e-05
1574106612382,2019-11-18T14:50:12.382,20.6,7.721481991637448e-06,2.7017309506236472e-06,1.2202682848369936e-05
1574106612432,2019-11-18T14:50:12.432,20.65,3.9390303801349726e-06,1.5556384255661792e-06,1.3530530004307285e-05
1574106612482,2019-11-18T14:50:12.482,20.7,8.229458544044971e-08,8.818507556431322e-07,1.436002701524995e-05
1574106612532,2019-11-18T14:50:12.532,20.75,-3.513384033022889e-06,9.424948050282108e-08,1.4046636819520855e-05
1574106612582,2019-11-18T14:50:12.582,20.8,-6.447865031074414e-06,-1.3137502435622762e-06,1.2985033371528307e-05
1574106612632,2019-11-18T14:50:12.632,20.85,-8.615113464961922e-06,-2.8536483917463016e-06,1.2055784753928617e-05
1574106612682,2019-11-18T14:50:12.682,20.9,-1.0289127909724876e-05,-3.4812944895184374e-06,1.1262816762047584e-05
1574106612732,2019-11-18T14:50:12.732,20.95,-1.1772221402846184e-05,-3.3104147086477923e-06,1.0255008574155233e-05
1574106612782,2019-11-18T14:50:12.782,21.0,-1.3229526724714292e-05,-3.73844017464494e-06,9.399200148774144e-06
1574106612832,2019-11-18T14:50:12.832,21.05,-1.48676412887034e-05,-5.447513552881927e-06,9.202460790544492e-06
1574106612882,2019-11-18T14:50:12.882,21.1,-1.674934248398238e-05,-7.572641271960395e-06,9.433333904420927e-06
1574106612932,2019-11-18T14:50:12.932,21.15,-1.8356080461349557e-05,-9.266524216876605e-06,9.543389928380994e-06
1574106612982,2019-11-18T14:50:12.982,21.2,-1.9056787282885885e-05,-1.0846062409330188e-05,9.287850530433132e-06
1574106613032,2019-11-18T14:50:13.032,21.25,-1.911266456570883e-05,-1.2937426867506803e-05,8.722446297574657e-06
1574106613082,2019-11-18T14:50:13.082,21.3,-1.9413376372870965e-05,-1.5387145633348954e-05,8.222637034763785e-06
1574106613132,2019-11-18T14:50:13.132,21.35,-2.0206161253267103e-05,-1.7510231414343597e-05,8.27127701037646e-06
1574106613182,2019-11-18T14:50:13.182,21.4,-2.0889754872496423e-05,-1.905035438760989e-05,8.652393641786837e-06
1574106613232,2019-11-18T14:50:13.232,21.45,-2.1065673862847988e-05,-2.0387971808320624e-05,8.464273097270806e-06
1574106613282,2019-11-18T14:50:13.282,21.5,-2.115350718073436e-05,-2.1744184079808715e-05,7.495515305459754e-06
1574106613332,2019-11-18T14:50:13.332,21.55,-2.1748077615369832e-05,-2.2800327799162182e-05,6.6665031208425495e-06
1574106613382,2019-11-18T14:50:13.382,21.6,-2.2660488434451003e-05,-2.3359495846406626e-05,6.443562944057712e-06
1574106613432,2019-11-18T14:50:13.432,21.65,-2.3155805787391927e-05,-2.3668713479796932e-05,5.998852855628226e-06
1574106613482,2019-11-18T14:50:13.482,21.7,-2.315782995567232e-05,-2.3930526190354204e-05,4.786992571880953e-06
1574106613532,2019-11-18T14:50:13.532,21.75,-2.337162151952344e-05,-2.4250798975271218e-05,3.6197935152175154e-06
1574106613582,2019-11-18T14:50:13.582,21.8,-2.4077559416210773e-05,-2.496420722220118e-05,3.1920591933631035e-06
1574106613632,2019-11-18T14:50:13.632,21.85,-2.4753532859424816e-05,-2.62022953302888e-05,2.8552531664224684e-06
1574106613682,2019-11-18T14:50:13.682,21.9,-2.5000729654786387e-05,-2.7366663408180077e-05,1.8599406835697347e-06
1574106613732,2019-11-18T14:50:13.732,21.95,-2.4973160901004434e-05,-2.776485288718385e-05,6.356453389929024e-07
1574106613782,2019-11-18T14:50:13.782,22.0,-2.484388133577678e-05,-2.7398776926233015e-05,-1.7184111214082327e-07
1574106613832,2019-11-18T14:50:13.832,22.05,-2.4591447195485495e-05,-2.6383763897861333e-05,-9.440313251927176e-07
1574106613882,2019-11-18T14:50:13.882,22.1,-2.4328666487599595e-05,-2.4134604463072487e-05,-2.3423707533735008e-06
1574106613932,2019-11-18T14:50:13.932,22.15,-2.4133148859788815e-05,-2.0110900281332138e-05,-4.159603094650404e-06
1574106613982,2019-11-18T14:50:13.982,22.2,-2.3522241805038513e-05,-1.4959399051164427e-05,-5.8905271448716985e-06
1574106614032,2019-11-18T14:50:14.032,22.25,-2.18496995410164e-05,-9.997830747028748e-06,-7.577336975878452e-06
1574106614082,2019-11-18T14:50:14.082,22.3,-1.926599115065886e-05,-5.847493141169374e-06,-9.244057773151463e-06
1574106614132,2019-11-18T14:50:14.132,22.35,-1.6513735310156706e-05,-2.2178241989833062e-06,-1.0471262563903918e-05
1574106614182,2019-11-18T14:50:14.182,22.4,-1.3803308990707386e-05,1.1786939165683068e-06,-1.1153602352087757e-05
1574106614232,2019-11-18T14:50:14.232,22.45,-1.07334983026462e-05,4.0369058920161775e-06,-1.1736118508566114e-05
1574106614282,2019-11-18T14:50:14.282,22.5,-7.370919977209866e-06,5.9267101467450626e-06,-1.2468568403731956e-05
1574106614332,2019-11-18T14:50:14.332,22.55,-4.515087277432572e-06,7.004000542010595e-06,-1.323361539919192e-05
1574106614382,2019-11-18T14:50:14.382,22.6,-2.534434251213064e-06,7.846323606141964e-06,-1.3968639688674736e-05
1574106614432,2019-11-18T14:50:14.432,22.65,-7.350688905609706e-07,8.783900683724994e-06,-1.4589640961628151e-05
1574106614482,2019-11-18T14:50:14.482,22.7,1.5532624409019244e-06,9.70174141898271e-06,-1.477395926048257e-05
1574106614532,2019-11-18T14:50:14.532,22.75,4.000036556653446e-06,1.0262286995351308e-05,-1.42972356299727e-05
1574106614582,2019-11-18T14:50:14.582,22.8,5.930566276398945e-06,1.029477806843229e-05,-1.3379319700319242e-05
1574106614632,2019-11-18T14:50:14.632,22.85,7.23659550164839e-06,1.0170454668889702e-05,-1.2435551193898336e-05
1574106614682,2019-11-18T14:50:14.682,22.9,8.237251425652148e-06,1.042118099971012e-05,-1.1594856705332046e-05
1574106614732,2019-11-18T14:50:14.732,22.95,9.240229299713809e-06,1.0881759436819274e-05,-1.0690155785018011e-05
1574106614782,2019-11-18T14:50:14.782,23.0,1.031926165133485e-05,1.0908346070458167e-05,-9.763123724828305e-06
1574106614832,2019-11-18T14:50:14.832,23.05,1.109042023425118e-05,1.0446632552269046e-05,-9.134313203644309e-06
1574106614882,2019-11-18T14:50:14.882,23.1,1.1060629328326989e-05,1.0066059440621948e-05,-8.72138679202195e-06
1574106614932,2019-11-18T14:50:14.932,23.15,1.0489754712918487e-05,1.0043003830372551e-05,-8.061440492556608e-06
1574106614982,2019-11-18T14:50:14.982,23.2,1.0134112163131332e-05,1.018635543740243e-05,-7.342979485115627e-06
1574106615032,2019-11-18T14:50:15.032,23.25,9.995072021015311e-06,1.0348541649936403e-05,-7.239690266609882e-06
1574106615082,2019-11-18T14:50:15.082,23.3,9.473800839538597e-06,1.0426202928201984e-05,-7.4608879840226705e-06
1574106615132,2019-11-18T14:50:15.132,23.35,8.782466725451683e-06,1.017595145584027e-05,-6.999434845730249e-06
1574106615182,2019-11-18T14:50:15.182,23.4,8.776537783198011e-06,9.578744706608373e-06,-5.992138026634521e-06
1574106615232,2019-11-18T14:50:15.232,23.45,9.419920144396032e-06,9.011454013167528e-06,-5.766301907873272e-06
1574106615282,2019-11-18T14:50:15.282,23.5,9.866936071553932e-06,8.737282887078545e-06,-6.998718370578846e-06
1574106615332,2019-11-18T14:50:15.332,23.55,9.891568960613912e-06,8.61035229920594e-06,-9.057470162785284e-06
1574106615382,2019-11-18T14:50:15.382,23.6,9.903911619619934e-06,8.359850643259935e-06,-1.0907846574869757e-05
1574106615432,2019-11-18T14:50:15.432,23.65,9.975290734728163e-06,7.883078641885273e-06,-1.1785703064790837e-05
1574106615482,2019-11-18T14:50:15.482,23.7,1.0021650494572586e-05,7.335832559748518e-06,-1.1432411446321544e-05
1574106615532,2019-11-18T14:50:15.532,23.75,1.031334794401419e-05,7.002498482485342e-06,-1.0335671921702636e-05
1574106615582,2019-11-18T14:50:15.582,23.8,1.0849347383408433e-05,6.966238226905392e-06,-9.408682751689415e-06
1574106615632,2019-11-18T14:50:15.632,23.85,1.1026740465724696e-05,7.030749531286413e-06,-9.047681419346654e-06
1574106615682,2019-11-18T14:50:15.682,23.9,1.0655420115672599e-05,6.969118197468064e-06,-8.742549850412045e-06
1574106615732,2019-11-18T14:50:15.732,23.95,1.0326113694443358e-05,6.677090424476345e-06,-7.792945038240266e-06
1574106615782,2019-11-18T14:50:15.782,24.0,1.0150716238303387e-05,6.3173190205441725e-06,-6.091453401461141e-06
1574106615832,2019-11-18T14:50:15.832,24.05,9.234061346274669e-06,6.3173398552573454e-06,-4.002453664156379e-06
1574106615882,2019-11-18T14:50:15.882,24.1,7.017090012239499e-06,6.681939104206765e-06,-1.7817268570515226e-06
1574106615932,2019-11-18T14:50:15.932,24.15,4.111586805552349e-06,6.64086945033169e-06,5.793142948991883e-07
1574106615982,2019-11-18T14:50:15.982,24.2,1.3255623611931108e-06,5.694286321311527e-06,2.9786278776573013e-06
1574106616032,2019-11-18T14:50:16.032,24.25,-1.1797699150816018e-06,4.2789568833762465e-06,4.990567503493695e-06
1574106616082,2019-11-18T14:50:16.082,24.3,-3.4945258244583213e-06,2.8200919987910838e-06,6.336941066488495e-06
1574106616132,2019-11-18T14:50:16.132,24.35,-5.6191482049013295e-06,1.2092471154282856e-06,7.2891686865336245e-06
1574106616182,2019-11-18T14:50:16.182,24.4,-7.655345843367374e-06,-5.065384234414966e-07,8.180698153294468e-06
1574106616232,2019-11-18T14:50:16.232,24.45,-9.671907003628774e-06,-2.0936261496723295e-06,8.964639709026103e-06
1574106616282,2019-11-18T14:50:16.282,24.5,-1.1443049476264122e-05,-3.7019982712608193e-06,9.668062142515095e-06
1574106616332,2019-11-18T14:50:16.332,24.55,-1.2791377130796042e-05,-5.524614612533381e-06,1.0625201692154481e-05
1574106616382,2019-11-18T14:50:16.382,24.6,-1.3959341288987342e-05,-7.318241140457596e-06,1.1804444217468764e-05
1574106616432,2019-11-18T14:50:16.432,24.65,-1.522154732108e-05,-8.844955832929782e-06,1.254259549955761e-05
1574106616482,2019-11-18T14:50:16.482,24.7,-1.6381010728758222e-05,-1.0153296736878512e-05,1.232846419994492e-05
1574106616532,2019-11-18T14:50:16.532,24.75,-1.7055836767206135e-05,-1.1134239398765526e-05,1.1338739886658763e-05
1574106616582,2019-11-18T14:50:16.582,24.8,-1.7255013276186238e-05,-1.14180395244489e-05,1.00017136146306e-05
1574106616632,2019-11-18T14:50:16.632,24.85,-1.7312322156698175e-05,-1.0881075303263909e-05,8.412789597300587e-06
1574106616682,2019-11-18T14:50:16.682,24.9,-1.7394945432198434e-05,-9.895470587816493e-06,6.277206433640253e-06
1574106616732,2019-11-18T14:50:16.732,24.95,-1.7228328775282588e-05,-8.971568700495119e-06,3.3774726487257685e-06
1574106616782,2019-11-18T14:50:16.782,25.0,-1.6276081609079305e-05,-8.2975233310129e-06,1.9842816866521868e-07
1574106616832,2019-11-18T14:50:16.832,25.05,-1.4589658691176046e-05,-7.733695628965861e-06,-2.173121387678556e-06
1574106616882,2019-11-18T14:50:16.882,25.1,-1.346227737110291e-05,-7.168244243319009e-06,-3.1973696456069e-06
1574106616932,2019-11-18T14:50:16.932,25.15,-1.4088185163589263e-05,-6.7067780683945034e-06,-3.613960859706861e-06
1574106616982,2019-11-18T14:50:16.982,25.2,-1.5557206680323592e-05,-6.546680922288919e-06,-4.431188416403287e-06
1574106617032,2019-11-18T14:50:17.032,25.25,-1.5931450289256762e-05,-6.771929587682543e-06,-5.532961842011987e-06
1574106617082,2019-11-18T14:50:17.082,25.3,-1.5233476935416577e-05,-7.2180320631105566e-06,-5.9606442442621145e-06
1574106617132,2019-11-18T14:50:17.132,25.35,-1.520233553541155e-05,-7.530838132953151e-06,-5.318573418818542e-06
1574106617182,2019-11-18T14:50:17.182,25.4,-1.6245467345559087e-05,-7.5084291774964505e-06,-4.2802601405620624e-06
1574106617232,2019-11-18T14:50:17.232,25.45,-1.696907504014453e-05,-7.349485722393086e-06,-3.6481007268366027e-06
1574106617282,2019-11-18T14:50:17.282,25.5,-1.6716251536486397e-05,-7.278014486911753e-06,-3.3886795781120503e-06
1574106617332,2019-11-18T14:50:17.332,25.55,-1.6411614116900283e-05,-7.026259573214079e-06,-2.999310961772958e-06
1574106617382,2019-11-18T14:50:17.382,25.6,-1.6637117631395222e-05,-6.234463067206789e-06,-2.3910392513323086e-06
1574106617432,2019-11-18T14:50:17.432,25.65,-1.668676591303669e-05,-5.2606096540683434e-06,-1.797030205843421e-06
1574106617482,2019-11-18T14:50:17.482,25.7,-1.610233325918376e-05,-4.842383869862448e-06,-1.278495482771953e-06
1574106617532,2019-11-18T14:50:17.532,25.75,-1.5712186743544044e-05,-5.016436056237742e-06,-8.66837737788727e-07
1574106617582,2019-11-18T14:50:17.582,25.8,-1.6306649173938766e-05,-5.178090495956305e-06,-6.555767670976117e-07
1574106617632,2019-11-18T14:50:17.632,25.85,-1.7333050902737383e-05,-5.195895154219775e-06,-4.725133343845407e-07
1574106617682,2019-11-18T14:50:17.682,25.9,-1.7824164964269818e-05,-5.613762815272181e-06,-6.927074721977434e-08
1574106617732,2019-11-18T14:50:17.732,25.95,-1.7837140953858484e-05,-6.5407014960525154e-06,3.884481769171872e-07
1574106617782,2019-11-18T14:50:17.782,26.0,-1.807439965150053e-05,-7.215729919250208e-06,6.11743086737106e-07
1574106617832,2019-11-18T14:50:17.832,26.05,-1.867112174245638e-05,-7.205253129064654e-06,6.681343676289567e-07
1574106617882,2019-11-18T14:50:17.882,26.1,-1.911785467782329e-05,-7.112765081863222e-06,6.846359061509085e-07
1574106617932,2019-11-18T14:50:17.932,26.15,-1.8924684226855374e-05,-7.315544188885444e-06,5.116646286877788e-07
1574106617982,2019-11-18T14:50:17.982,26.2,-1.788257220679875e-05,-7.007238161476528e-06,1.185627351340338e-08
1574106618032,2019-11-18T14:50:18.032,26.25,-1.60791424656673e-05,-5.462594852814963e-06,-6.408205401424045e-07
1574106618082,2019-11-18T14:50:18.082,26.3,-1.3898759941334451e-05,-3.368631333410144e-06,-1.0931520019761706e-06
1574106618132,2019-11-18T14:50:18.132,26.35,-1.1719396783435634e-05,-1.9337351545825847e-06,-1.2255941750689314e-06
1574106618182,2019-11-18T14:50:18.182,26.4,-9.595891270034818e-06,-1.225403538338859e-06,-1.3978399360304286e-06
1574106618232,2019-11-18T14:50:18.232,26.45,-7.445385815288994e-06,-2.8789875446154366e-07,-1.9567662022754395e-06
1574106618282,2019-11-18T14:50:18.282,26.5,-5.3994802919647e-06,1.239362246036958e-06,-2.5918345570413943e-06
1574106618332,2019-11-18T14:50:18.332,26.55,-3.798160655333967e-06,2.5399054473877624e-06,-2.7476167189237945e-06
1574106618382,2019-11-18T14:50:18.382,26.6,-2.982830822870012e-06,2.917171254993206e-06,-2.4482505738653467e-06
1574106618432,2019-11-18T14:50:18.432,26.65,-3.039613752644851e-06,2.8032233443007734e-06,-2.1154122848563658e-06
1574106618482,2019-11-18T14:50:18.482,26.7,-3.5283980080955296e-06,3.0026872794140634e-06,-1.8475405476323528e-06
1574106618532,2019-11-18T14:50:18.532,26.75,-3.7092740692018455e-06,3.6575209007947093e-06,-1.3168961548518478e-06
1574106618582,2019-11-18T14:50:18.582,26.8,-3.200447525366092e-06,4.395877399911456e-06,-2.9257510323310343e-07
1574106618632,2019-11-18T14:50:18.632,26.85,-2.126007945871285e-06,4.974836639489919e-06,9.18868294932229e-07
1574106618682,2019-11-18T14:50:18.682,26.9,-7.325545547087337e-07,5.460223266739891e-06,1.791156853960747e-06
1574106618732,2019-11-18T14:50:18.732,26.95,8.132321663468881e-07,5.9882566987406974e-06,2.2131526780145308e-06
1574106618782,2019-11-18T14:50:18.782,27.0,2.4888679767860308e-06,6.506975394140513e-06,2.220918462661695e-06
1574106618832,2019-11-18T14:50:18.832,27.05,4.460407883387041e-06,6.865064613273913e-06,1.5008356125857784e-06
1574106618882,2019-11-18T14:50:18.882,27.1,6.869588754800401e-06,7.108603647485475e-06,7.39990604279269e-08
1574106618932,2019-11-18T14:50:18.932,27.15,9.652201425749515e-06,7.383141674745063e-06,-1.2469338255176537e-06
1574106618982,2019-11-18T14:50:18.982,27.2,1.26176040066923e-05,7.637805544453719e-06,-1.9511676247328986e-06
1574106619032,2019-11-18T14:50:19.032,27.25,1.535656565514511e-05,7.792301170311383e-06,-2.425323067798141e-06
1574106619082,2019-11-18T14:50:19.082,27.3,1.7162265931155317e-05,7.930891251446878e-06,-3.0296426108141697e-06
1574106619132,2019-11-18T14:50:19.132,27.35,1.7752088678309984e-05,7.994718579570906e-06,-3.593564862461707e-06
1574106619182,2019-11-18T14:50:19.182,27.4,1.8003937017571387e-05,7.737537687638466e-06,-3.855377028420816e-06
1574106619232,2019-11-18T14:50:19.232,27.45,1.89846780874034e-05,7.263612501453339e-06,-3.813223410456235e-06
1574106619282,2019-11-18T14:50:19.282,27.5,2.0342852367571425e-05,7.0445239648182365e-06,-3.930458009217465e-06
1574106619332,2019-11-18T14:50:19.332,27.55,2.088265089857925e-05,7.19478890957511e-06,-4.877027060904397e-06
1574106619382,2019-11-18T14:50:19.382,27.6,2.0510508694967902e-05,7.311546641255365e-06,-6.5592437902334165e-06
1574106619432,2019-11-18T14:50:19.432,27.65,2.0328037660684327e-05,7.144840446398746e-06,-8.052843512378869e-06
1574106619482,2019-11-18T14:50:19.482,27.7,2.1060938473503412e-05,6.864895025463198e-06,-8.912633578992116e-06
1574106619532,2019-11-18T14:50:19.532,27.75,2.2384726293507962e-05,6.630455309823003e-06,-9.565859816865078e-06
1574106619582,2019-11-18T14:50:19.582,27.8,2.3577482310958494e-05,6.397611670377285e-06,-1.0244249287962618e-05
1574106619632,2019-11-18T14:50:19.632,27.85,2.4330922251002704e-05,6.194380996750159e-06,-1.058817264228907e-05
1574106619682,2019-11-18T14:50:19.682,27.9,2.5000695529950682e-05,6.203648011237149e-06,-1.0273904245026356e-05
1574106619732,2019-11-18T14:50:19.732,27.95,2.607506798290202e-05,6.443176270285782e-06,-9.333999532272946e-06
1574106619782,2019-11-18T14:50:19.782,28.0,2.7440310263864346e-05,6.597531550153313e-06,-8.176544359211832e-06
1574106619832,2019-11-18T14:50:19.832,28.05,2.8512532694927476e-05,6.451829366044776e-06,-7.493908324426099e-06
1574106619882,2019-11-18T14:50:19.882,28.1,2.8966413205863494e-05,6.3166044133948804e-06,-7.63470628321513e-06
1574106619932,2019-11-18T14:50:19.932,28.15,2.8775386092030544e-05,6.527500385692201e-06,-8.264877453171163e-06
1574106619982,2019-11-18T14:50:19.982,28.2,2.7783443085075596e-05,6.804606117409316e-06,-9.011481775191253e-06
1574106620032,2019-11-18T14:50:20.032,28.25,2.593422312511038e-05,6.829424720605196e-06,-9.745023385653691e-06
1574106620082,2019-11-18T14:50:20.082,28.3,2.3533951566121485e-05,6.910804078787995e-06,-1.0165604162484864e-05
1574106620132,2019-11-18T14:50:20.132,28.35,2.056365431682266e-05,7.2210717369765716e-06,-1.0150858158019922e-05
1574106620182,2019-11-18T14:50:20.182,28.4,1.6378013753532748e-05,7.211182828762454e-06,-1.0055234816293557e-05
1574106620232,2019-11-18T14:50:20.232,28.45,1.1003467978924942e-05,6.554040677935423e-06,-9.646723037353392e-06
1574106620282,2019-11-18T14:50:20.282,28.5,5.9503422917574455e-06,5.685938332530504e-06,-8.060912782103395e-06
1574106620332,2019-11-18T14:50:20.332,28.55,2.50187703447747e-06,4.962313279497661e-06,-5.644674198053621e-06
1574106620382,2019-11-18T14:50:20.382,28.6,-1.5996694917261464e-07,4.1376391347205394e-06,-3.848011393585891e-06
1574106620432,2019-11-18T14:50:20.432,28.65,-3.829322539441627e-06,2.6906049703665312e-06,-2.9098744115416453e-06
1574106620482,2019-11-18T14:50:20.482,28.7,-8.846577462396998e-06,1.1816767101791186e-07,-2.0198571868203042e-06
1574106620532,2019-11-18T14:50:20.532,28.75,-1.4016519359866138e-05,-3.6609114818641142e-06,-1.5157148733819054e-06
1574106620582,2019-11-18T14:50:20.582,28.8,-1.8398744134333673e-05,-7.886962449560645e-06,-2.311048320645753e-06
1574106620632,2019-11-18T14:50:20.632,28.85,-2.2014977869294232e-05,-1.1545936813382406e-05,-3.7337408384606805e-06
1574106620682,2019-11-18T14:50:20.682,28.9,-2.5103049583165258e-05,-1.4419404133776281e-05,-4.379468215868151e-06
1574106620732,2019-11-18T14:50:20.732,28.95,-2.754695275887458e-05,-1.6943038663512618e-05,-4.362841715966131e-06
1574106620782,2019-11-18T14:50:20.782,29.0,-2.9105818793596306e-05,-1.9316884664911378e-05,-4.741317322103109e-06
1574106620832,2019-11-18T14:50:20.832,29.05,-2.9938284217865274e-05,-2.1415306206760042e-05,-5.597820926378053e-06
1574106620882,2019-11-18T14:50:20.882,29.1,-3.060654720660961e-05,-2.3089288075317597e-05,-6.258224563796161e-06
1574106620932,2019-11-18T14:50:20.932,29.15,-3.1338120190369176e-05,-2.405195804229127e-05,-6.545584500601207e-06
1574106620982,2019-11-18T14:50:20.982,29.2,-3.1772961268950364e-05,-2.4238295941147328e-05,-6.6301942104507e-06
1574106621032,2019-11-18T14:50:21.032,29.25,-3.185015167041938e-05,-2.4518366518472942e-05,-6.34321386744369e-06
1574106621082,2019-11-18T14:50:21.082,29.3,-3.212503171147356e-05,-2.5724476771814296e-05,-5.463381506901228e-06
1574106621132,2019-11-18T14:50:21.132,29.35,-3.2653206158754965e-05,-2.6707516813395072e-05,-4.265572575218998e-06
1574106621182,2019-11-18T14:50:21.182,29.4,-3.2525983288954414e-05,-2.5179728731572533e-05,-3.400435117597488e-06
1574106621232,2019-11-18T14:50:21.232,29.45,-3.113186297604461e-05,-2.1009790000052993e-05,-3.2228660461172327e-06
1574106621282,2019-11-18T14:50:21.282,29.5,-2.907899035752859e-05,-1.671861715056319e-05,-3.0959849122482577e-06
1574106621332,2019-11-18T14:50:21.332,29.55,-2.7391893307067928e-05,-1.4162628239024518e-05,-1.821265881175055e-06
1574106621382,2019-11-18T14:50:21.382,29.6,-2.6387107939795645e-05,-1.2786305664331332e-05,7.536566421789885e-07
1574106621432,2019-11-18T14:50:21.432,29.65,-2.5632036369434002e-05,-1.1510231926679937e-05,3.444319061178784e-06
1574106621482,2019-11-18T14:50:21.482,29.7,-2.4504746952573132e-05,-1.0108388648192902e-05,5.430146710395979e-06
1574106621532,2019-11-18T14:50:21.532,29.75,-2.2609662875799044e-05,-8.42060687776244e-06,6.974317859901226e-06
1574106621582,2019-11-18T14:50:21.582,29.8,-2.0119728903274776e-05,-6.2035259944865425e-06,8.401450993013742e-06
1574106621632,2019-11-18T14:50:21.632,29.85,-1.7675951292031127e-05,-3.8450501178660285e-06,9.586910942988416e-06
1574106621682,2019-11-18T14:50:21.682,29.9,-1.5444744618175458e-05,-1.8040052592467548e-06,1.0103827872795887e-05
1574106621732,2019-11-18T14:50:21.732,29.95,-1.2784859049290519e-05,2.2942471385891065e-07,9.362907827546416e-06
1574106621782,2019-11-18T14:50:21.782,30.0,-9.586465203986884e-06,2.594656468696382e-06,7.506490084164713e-06
1574106621832,2019-11-18T14:50:21.832,30.05,-7.003758923927182e-06,4.841006732264642e-06,5.846898980428125e-06
1574106621882,2019-11-18T14:50:21.882,30.1,-5.678338857714792e-06,6.454005782494639e-06,5.265547664724087e-06
1574106621932,2019-11-18T14:50:21.932,30.15,-4.034558219028499e-06,7.715257564029756e-06,5.073412399287429e-06
1574106621982,2019-11-18T14:50:21.982,30.2,1.8836495974309117e-07,9.204433241213697e-06,4.321894388396313e-06
1574106622032,2019-11-18T14:50:22.032,30.25,6.911533993074795e-06,1.0858884149204332e-05,3.0904096538255025e-06
1574106622082,2019-11-18T14:50:22.082,30.3,1.3618613770788424e-05,1.202419967001492e-05,2.0888705884261733e-06
1574106622132,2019-11-18T14:50:22.132,30.35,1.8400601449468158e-05,1.2284885303461533e-05,1.8618064418623177e-06
1574106622182,2019-11-18T14:50:22.182,30.4,2.162697439582108e-05,1.1894956833505682e-05,2.298589488393157e-06
1574106622232,2019-11-18T14:50:22.232,30.45,2.4371032624841973e-05,1.1465164552249295e-05,2.6051378038433427e-06
1574106622282,2019-11-18T14:50:22.282,30.5,2.6925404476709457e-05,1.1433171867249638e-05,2.214138851543995e-06
1574106622332,2019-11-18T14:50:22.332,30.55,2.9371648482421093e-05,1.1717288886800783e-05,1.619946878323968e-06
1574106622382,2019-11-18T14:50:22.382,30.6,3.203212165583765e-05,1.184376526770209e-05,1.587145398825842e-06
1574106622432,2019-11-18T14:50:22.432,30.65,3.470939049744938e-05,1.155495479754606e-05,1.910262203121232e-06
1574106622482,2019-11-18T14:50:22.482,30.7,3.650263824507629e-05,1.1149918208170738e-05,2.0645544836147975e-06
1574106622532,2019-11-18T14:50:22.532,30.75,3.68996666830385e-05,1.1086507165351943e-05,2.5788726126444974e-06
1574106622582,2019-11-18T14:50:22.582,30.8,3.6524405268856246e-05,1.1416390593447108e-05,4.280316060294808e-06
1574106622632,2019-11-18T14:50:22.632,30.85,3.6304895040312295e-05,1.1719417218633232e-05,6.638167167671184e-06
1574106622682,2019-11-18T14:50:22.682,30.9,3.613620718645836e-05,1.164030282974894e-05,8.232093358682047e-06
1574106622732,2019-11-18T14:50:22.732,30.95,3.5242656577645327e-05,1.141825754825877e-05,8.348619384717384e-06
1574106622782,2019-11-18T14:50:22.782,31.0,3.3878171157188726e-05,1.1516227834945984e-05,7.2245050450130185e-06
1574106622832,2019-11-18T14:50:22.832,31.05,3.326847752636703e-05,1.185793828199239e-05,5.4552573582677605e-06
1574106622882,2019-11-18T14:50:22.882,31.1,3.354779481057256e-05,1.2066666946445489e-05,3.778248671945366e-06
1574106622932,2019-11-18T14:50:22.932,31.15,3.328763959305863e-05,1.2185430769534968e-05,2.802309227997022e-06
1574106622982,2019-11-18T14:50:22.982,31.2,3.1640310775559206e-05,1.2476565850603133e-05,2.5941617550702397e-06
1574106623032,2019-11-18T14:50:23.032,31.25,2.9768897401731102e-05,1.2889183878654478e-05,2.803320914946772e-06
1574106623082,2019-11-18T14:50:23.082,31.3,2.940787007982883e-05,1.3177687404268225e-05,3.0783786101739477e-06
1574106623132,2019-11-18T14:50:23.132,31.35,3.069510636447328e-05,1.3149212701564775e-05,3.2130267544875376e-06
1574106623182,2019-11-18T14:50:23.182,31.4,3.233709276721052e-05,1.2751131394381963e-05,3.2414623436860582e-06
1574106623232,2019-11-18T14:50:23.232,31.45,3.342044245112159e-05,1.229446635143687e-05,3.4616845401991845e-06
1574106623282,2019-11-18T14:50:23.282,31.5,3.381506916167124e-05,1.2260753900700075e-05,3.926394381224023e-06
1574106623332,2019-11-18T14:50:23.332,31.55,3.308889086302047e-05,1.2571432722326091e-05,3.838805332363008e-06
1574106623382,2019-11-18T14:50:23.382,31.6,3.030927406086229e-05,1.2632079937292586e-05,1.9926732091555615e-06
1574106623432,2019-11-18T14:50:23.432,31.65,2.4949874692885438e-05,1.2226552701464678e-05,-1.762232347006447e-06
1574106623482,2019-11-18T14:50:23.482,31.7,1.7545774075837787e-05,1.1542461749773709e-05,-5.716572618056232e-06
1574106623532,2019-11-18T14:50:23.532,31.75,9.854658484940102e-06,1.0461896180923013e-05,-7.375721112900624e-06
1574106623582,2019-11-18T14:50:23.582,31.8,4.272837868903035e-06,8.94349425003037e-06,-5.468502081670172e-06
1574106623632,2019-11-18T14:50:23.632,31.85,2.0711357080920474e-06,7.770432791005313e-06,-1.0438099995901054e-06
1574106623682,2019-11-18T14:50:23.682,31.9,2.1622336743356506e-06,7.649324122285161e-06,3.4134636777868393e-06
1574106623732,2019-11-18T14:50:23.732,31.95,2.4989364377625493e-06,7.995423665142164e-06,6.305455353409935e-06
1574106623782,2019-11-18T14:50:23.782,32.0,2.450960282141222e-06,7.76556568576648e-06,8.102397402547113e-06
1574106623832,2019-11-18T14:50:23.832,32.05,2.784859326932664e-06,6.951154775823856e-06,9.712691497233832e-06
1574106623882,2019-11-18T14:50:23.882,32.1,3.7176581592880127e-06,6.342725871687374e-06,1.0684997348551671e-05
1574106623932,2019-11-18T14:50:23.932,32.15,4.305785561300772e-06,6.392220854889231e-06,1.010006767098762e-05
1574106623982,2019-11-18T14:50:23.982,32.2,3.5779885969327603e-06,6.82712187472158e-06,8.175183007585049e-06
1574106624032,2019-11-18T14:50:24.032,32.25,1.283548316022219e-06,6.8970001327427075e-06,5.913563928939984e-06
1574106624082,2019-11-18T14:50:24.082,32.3,-2.1580247351759236e-06,5.9824838015468876e-06,3.961003454250068e-06
1574106624132,2019-11-18T14:50:24.132,32.35,-5.851590072162925e-06,4.306560945301075e-06,2.400299967941373e-06
1574106624182,2019-11-18T14:50:24.182,32.4,-9.068339865832805e-06,2.601528933850029e-06,1.1120586899105408e-06
1574106624232,2019-11-18T14:50:24.232,32.45,-1.1859681071033527e-05,1.0168614710201552e-06,-1.523632769481214e-08
1574106624282,2019-11-18T14:50:24.282,32.5,-1.4464195490364587e-05,-7.169223449900848e-07,-1.1476967677956598e-06
1574106624332,2019-11-18T14:50:24.332,32.55,-1.6480944414749016e-05,-2.2703817881082854e-06,-2.5517267381392157e-06
1574106624382,2019-11-18T14:50:24.382,32.6,-1.7571593529398276e-05,-3.3081821921070443e-06,-4.236980496761937e-06
1574106624432,2019-11-18T14:50:24.432,32.65,-1.8546061911252006e-05,-4.764851982614232e-06,-5.7674288560646385e-06
1574106624482,2019-11-18T14:50:24.482,32.7,-2.051106293604466e-05,-7.618893107484375e-06,-6.855396822614405e-06
1574106624532,2019-11-18T14:50:24.532,32.75,-2.3071308197748765e-05,-1.0676000136877747e-05,-7.631884903007683e-06
1574106624582,2019-11-18T14:50:24.582,32.8,-2.4665774154189703e-05,-1.1792813108925807e-05,-8.038988068068062e-06
1574106624632,2019-11-18T14:50:24.632,32.85,-2.4851150334399416e-05,-1.1148191978106296e-05,-7.915815662025779e-06
1574106624682,2019-11-18T14:50:24.682,32.9,-2.488805216995236e-05,-1.1068500533857324e-05,-7.700334812895005e-06
1574106624732,2019-11-18T14:50:24.732,32.95,-2.5578720090843763e-05,-1.2622264091196322e-05,-7.785565634815234e-06
1574106624782,2019-11-18T14:50:24.782,33.0,-2.5958624581290903e-05,-1.427290074315365e-05,-7.468626676695719e-06
1574106624832,2019-11-18T14:50:24.832,33.05,-2.491815806765834e-05,-1.4034202706576888e-05,-5.799312718139934e-06
1574106624882,2019-11-18T14:50:24.882,33.1,-2.2802288007047996e-05,-1.1688296741303744e-05,-3.107014915254253e-06
1574106624932,2019-11-18T14:50:24.932,33.15,-2.0624993417667885e-05,-8.70172436509917e-06,-7.572996588591991e-07
1574106624982,2019-11-18T14:50:24.982,33.2,-1.8830898399127567e-05,-6.607159771384183e-06,3.5807129789989434e-07
1574106625032,2019-11-18T14:50:25.032,33.25,-1.734209406664568e-05,-5.588279707524062e-06,5.611800896133553e-07
1574106625082,2019-11-18T14:50:25.082,33.3,-1.589702922070406e-05,-4.5581733351542855e-06,8.020424223158927e-07
1574106625132,2019-11-18T14:50:25.132,33.35,-1.4083866940798157e-05,-2.7077351023096833e-06,1.7589020673681148e-06
1574106625182,2019-11-18T14:50:25.182,33.4,-1.1623807715767856e-05,-6.743113045417237e-07,3.4339381152802766e-06
1574106625232,2019-11-18T14:50:25.232,33.45,-8.754654526450501e-06,2.5541930054208197e-07,5.242557403456559e-06
1574106625282,2019-11-18T14:50:25.282,33.5,-6.185026507245185e-06,-1.1219833346391179e-07,6.564797204547005e-06
1574106625332,2019-11-18T14:50:25.332,33.55,-4.520124227843846e-06,-5.262003532773127e-07,7.371002471959667e-06
1574106625382,2019-11-18T14:50:25.382,33.6,-3.63205562579839e-06,8.197655482724589e-08,7.913051721191637e-06
1574106625432,2019-11-18T14:50:25.432,33.65,-2.966545626800246e-06,1.2113433313894682e-06,7.822639075387972e-06
1574106625482,2019-11-18T14:50:25.482,33.7,-2.4344152617091344e-06,1.8464844157523248e-06,6.474368555183731e-06
1574106625532,2019-11-18T14:50:25.532,33.75,-2.1664635305602983e-06,2.199696103533753e-06,4.3949670908920825e-06
1574106625582,2019-11-18T14:50:25.582,33.8,-1.8444310567440489e-06,2.8719967196048504e-06,3.1118501324816074e-06
1574106625632,2019-11-18T14:50:25.632,33.85,-1.6246413727284994e-06,2.9630964322327865e-06,3.270158765594779e-06
1574106625682,2019-11-18T14:50:25.682,33.9,-2.794140510009263e-06,1.0559896291441225e-06,3.957094928287071e-06
1574106625732,2019-11-18T14:50:25.732,33.95,-5.86037574506817e-06,-2.3182286147978855e-06,4.089896741089538e-06
1574106625782,2019-11-18T14:50:25.782,34.0,-9.180589958920626e-06,-5.130166018342808e-06,3.5144936982039966e-06
1574106625832,2019-11-18T14:50:25.832,34.05,-1.0925024821088842e-05,-6.462103220248096e-06,2.6433528751831093e-06
1574106625882,2019-11-18T14:50:25.882,34.1,-1.1091645879425216e-05,-7.050373223894049e-06,1.8667369944461886e-06
1574106625932,2019-11-18T14:50:25.932,34.15,-1.0736603218964449e-05,-7.621143614996101e-06,1.4734852074718314e-06
1574106625982,2019-11-18T14:50:25.982,34.2,-1.0612951500985266e-05,-8.162145028819128e-06,1.549972162746068e-06
1574106626032,2019-11-18T14:50:26.032,34.25,-1.0944382363370176e-05,-8.54519098225597e-06,1.7561651761305287e-06
1574106626082,2019-11-18T14:50:26.082,34.3,-1.1439625284546004e-05,-8.758814451005728e-06,1.592525141546605e-06
1574106626132,2019-11-18T14:50:26.132,34.35,-1.1564826262743168e-05,-8.766110128016783e-06,1.0930818340178145e-06
1574106626182,2019-11-18T14:50:26.182,34.4,-1.1273723926469818e-05,-8.633489496295772e-06,8.111926028233256e-07
1574106626232,2019-11-18T14:50:26.232,34.45,-1.0899176771414328e-05,-8.419336994460188e-06,8.572238281413343e-07
1574106626282,2019-11-18T14:50:26.282,34.5,-1.0234785324297699e-05,-7.86303091993283e-06,6.571317757991654e-07
1574106626332,2019-11-18T14:50:26.332,34.55,-8.484154012249296e-06,-6.5662750587427175e-06,4.422902709417426e-08
1574106626382,2019-11-18T14:50:26.382,34.6,-5.071698535126218e-06,-4.42360554479293e-06,-3.5637255849497733e-07
1574106626432,2019-11-18T14:50:26.432,34.65,-1.6257144584219438e-07,-1.7850704432419612e-06,-2.670895130934555e-07
1574106626482,2019-11-18T14:50:26.482,34.7,5.275327773139632e-06,7.52204271978387e-07,-2.4107387985994365e-07
1574106626532,2019-11-18T14:50:26.532,34.75,9.993741197079597e-06,2.856972154834363e-06,-6.203446454050488e-07
1574106626582,2019-11-18T14:50:26.582,34.8,1.3440447428478724e-05,4.567534289153335e-06,-1.018018419490469e-06
1574106626632,2019-11-18T14:50:26.632,34.85,1.587353422096507e-05,5.6939438173946875e-06,-1.0948339397167564e-06
1574106626682,2019-11-18T14:50:26.682,34.9,1.7494273339519258e-05,5.8396333919665955e-06,-9.426784942645001e-07
1574106626732,2019-11-18T14:50:26.732,34.95,1.821897116318802e-05,5.307027882915368e-06,-6.507931989598877e-07
1574106626782,2019-11-18T14:50:26.782,35.0,1.827641430766228e-05,4.996069947678007e-06,-2.9052920012542663e-07
1574106626832,2019-11-18T14:50:26.832,35.05,1.8301517074149245e-05,5.202618671172447e-06,-1.7537680910408123e-07
1574106626882,2019-11-18T14:50:26.882,35.1,1.869455479113852e-05,5.519174054403026e-06,-4.552760757380038e-07
1574106626932,2019-11-18T14:50:26.932,35.15,1.91549711594601e-05,5.803141421273382e-06,-6.881140578450139e-07
1574106626982,2019-11-18T14:50:26.982,35.2,1.8904760106092164e-05,6.096019324534613e-06,-3.576240405010342e-07
1574106627032,2019-11-18T14:50:27.032,35.25,1.7300449261438646e-05,5.803731111620011e-06,4.608496975102255e-07
1574106627082,2019-11-18T14:50:27.082,35.3,1.4268221896930243e-05,4.199306056873454e-06,1.4099702803195186e-06
1574106627132,2019-11-18T14:50:27.132,35.35,1.0351386296915848e-05,1.7108125151576675e-06,2.4061516149058915e-06
1574106627182,2019-11-18T14:50:27.182,35.4,6.482252608827969e-06,-3.3217834499493446e-07,3.3486409095158486e-06
1574106627232,2019-11-18T14:50:27.232,35.45,3.489393972653877e-06,-1.3257323805870777e-06,3.7366903822076605e-06
1574106627282,2019-11-18T14:50:27.282,35.5,1.5036338990375847e-06,-1.9017020139752258e-06,3.23744771178744e-06
1574106627332,2019-11-18T14:50:27.332,35.55,-1.746603311978869e-08,-2.693679639974244e-06,2.4035223515703054e-06
1574106627382,2019-11-18T14:50:27.382,35.6,-1.4354283169019601e-06,-3.5475313436062437e-06,2.172360747412364e-06
1574106627432,2019-11-18T14:50:27.432,35.65,-2.4134199378347114e-06,-4.173372529235495e-06,2.6148201037071625e-06
1574106627482,2019-11-18T14:50:27.482,35.7,-2.49502259025464e-06,-4.540821604143612e-06,2.848901823056355e-06
1574106627532,2019-11-18T14:50:27.532,35.75,-1.8359606668424222e-06,-4.479961430636422e-06,2.388492899660521e-06
1574106627582,2019-11-18T14:50:27.582,35.8,-1.1395087531865278e-06,-3.928152473122644e-06,1.805049226665575e-06
1574106627632,2019-11-18T14:50:27.632,35.85,-9.84795083642211e-07,-3.485482775040109e-06,1.7286444937941304e-06
1574106627682,2019-11-18T14:50:27.682,35.9,-1.2614439314280474e-06,-3.74814826931083e-06,1.934100276177242e-06
1574106627732,2019-11-18T14:50:27.732,35.95,-1.4319154343996815e-06,-4.357780672040889e-06,1.8470876300254621e-06
1574106627782,2019-11-18T14:50:27.782,36.0,-1.3806057868073888e-06,-4.516741556778618e-06,1.480741591634883e-06
1574106627832,2019-11-18T14:50:27.832,36.05,-1.4871460128676685e-06,-4.087546580746658e-06,1.3655609137232875e-06
1574106627882,2019-11-18T14:50:27.882,36.1,-1.798949159798057e-06,-3.615487797261134e-06,1.6042298607530465e-06
1574106627932,2019-11-18T14:50:27.932,36.15,-1.938332013753627e-06,-3.5952418840205763e-06,1.5917033992952417e-06
1574106627982,2019-11-18T14:50:27.982,36.2,-1.9022857889052157e-06,-3.9668982878760094e-06,1.0313562363926896e-06
1574106628032,2019-11-18T14:50:28.032,36.25,-2.0508352888155183e-06,-4.129601928988331e-06,4.452224024218715e-07
1574106628082,2019-11-18T14:50:28.082,36.3,-2.3437082765436144e-06,-3.5825888238933564e-06,7.29604767799121e-08
1574106628132,2019-11-18T14:50:28.132,36.35,-2.4760532918468296e-06,-2.6409080989848545e-06,-6.766122370232966e-07
1574106628182,2019-11-18T14:50:28.182,36.4,-2.579827394252604e-06,-2.0522355297696214e-06,-2.0611034500249875e-06
1574106628232,2019-11-18T14:50:28.232,36.45,-2.953849104747978e-06,-1.8742131976478408e-06,-3.519058623095197e-06
1574106628282,2019-11-18T14:50:28.282,36.5,-3.3324591460502465e-06,-1.4857663565397194e-06,-4.708176917861784e-06
1574106628332,2019-11-18T14:50:28.332,36.55,-3.23961257899786e-06,-8.40948103474778e-07,-5.7756403415858825e-06
1574106628382,2019-11-18T14:50:28.382,36.6,-2.9552229518010365e-06,-7.155937261702175e-07,-6.546880738813032e-06
1574106628432,2019-11-18T14:50:28.432,36.65,-3.2899184653366422e-06,-1.3370348243853373e-06,-6.656168716785289e-06
1574106628482,2019-11-18T14:50:28.482,36.7,-4.336627746360373e-06,-1.8902821483741865e-06,-6.4011418246002004e-06
1574106628532,2019-11-18T14:50:28.532,36.75,-5.309757436518411e-06,-1.9106708156107238e-06,-6.395952054980685e-06
1574106628582,2019-11-18T14:50:28.582,36.8,-5.773811575280938e-06,-1.9312506605282646e-06,-6.52515701585577e-06
1574106628632,2019-11-18T14:50:28.632,36.85,-6.1593547294112585e-06,-2.206241202242572e-06,-6.180636279105489e-06
1574106628682,2019-11-18T14:50:28.682,36.9,-6.842368181832907e-06,-2.1811645278216594e-06,-5.349474287833082e-06
1574106628732,2019-11-18T14:50:28.732,36.95,-7.504586268313881e-06,-1.7536009255526482e-06,-4.645658381972088e-06
1574106628782,2019-11-18T14:50:28.782,37.0,-7.784420444125545e-06,-1.6338698184083187e-06,-4.3364193477050275e-06
1574106628832,2019-11-18T14:50:28.832,37.05,-7.926894098140863e-06,-2.053244075520519e-06,-3.95182328622961e-06
1574106628882,2019-11-18T14:50:28.882,37.1,-8.192906934331399e-06,-2.3744693904134004e-06,-3.019451711566966e-06
1574106628932,2019-11-18T14:50:28.932,37.15,-8.179371361276266e-06,-2.0919848954867094e-06,-1.802662141149776e-06
1574106628982,2019-11-18T14:50:28.982,37.2,-7.492532441536716e-06,-1.2941041269011939e-06,-9.085942990288745e-07
1574106629032,2019-11-18T14:50:29.032,37.25,-6.462831412856472e-06,-3.727232979811923e-07,-4.4598167756580183e-07
1574106629082,2019-11-18T14:50:29.082,37.3,-5.4437103188415455e-06,2.463012311477669e-07,-1.8545268880223816e-07
1574106629132,2019-11-18T14:50:29.132,37.35,-4.274874993856653e-06,5.431839923616871e-07,-1.7479522474184182e-07
1574106629182,2019-11-18T14:50:29.182,37.4,-2.9795421770198346e-06,1.040670638897736e-06,-3.427068875540275e-07
1574106629232,2019-11-18T14:50:29.232,37.45,-1.8423757107529658e-06,1.9491395260441945e-06,-6.189560158518753e-09
1574106629282,2019-11-18T14:50:29.282,37.5,-5.775202195134688e-07,2.6532245692505027e-06,1.2018914396495886e-06
1574106629332,2019-11-18T14:50:29.332,37.55,1.2618363912918415e-06,2.681850547540434e-06,2.4528588889328567e-06
1574106629382,2019-11-18T14:50:29.382,37.6,3.19705354168855e-06,2.5258271439061744e-06,2.7403345455676193e-06
1574106629432,2019-11-18T14:50:29.432,37.65,4.469548955588317e-06,2.799088995128831e-06,2.1716355198847753e-06
1574106629482,2019-11-18T14:50:29.482,37.7,5.275343026170626e-06,3.234453546318831e-06,1.3926178664583029e-06
1574106629532,2019-11-18T14:50:29.532,37.75,6.164102896206911e-06,3.2750531236592624e-06,5.347836453407478e-07
1574106629582,2019-11-18T14:50:29.582,37.8,6.8872479064377575e-06,3.1016319271604894e-06,-3.726951082437713e-07
1574106629632,2019-11-18T14:50:29.632,37.85,6.801133028889035e-06,3.1845544333098368e-06,-8.612683651002052e-07
1574106629682,2019-11-18T14:50:29.682,37.9,5.851487440484555e-06,3.276183793465843e-06,-7.532763218854129e-07
1574106629732,2019-11-18T14:50:29.732,37.95,4.560947873552395e-06,2.8596447711639818e-06,-5.314181409556883e-07
1574106629782,2019-11-18T14:50:29.782,38.0,3.3660643341478295e-06,2.230625128151879e-06,-4.591511218744218e-07
1574106629832,2019-11-18T14:50:29.832,38.05,2.3597807304094193e-06,2.1005871087181714e-06,-3.405213805401307e-07
1574106629882,2019-11-18T14:50:29.882,38.1,1.6160776882359993e-06,2.4182670920882255e-06,-3.042263958741069e-07
1574106629932,2019-11-18T14:50:29.932,38.15,1.3100002097060043e-06,2.5171810732403393e-06,-6.554757864477257e-07
1574106629982,2019-11-18T14:50:29.982,38.2,1.3883730425459188e-06,2.1951452256926675e-06,-1.021311806854294e-06
1574106630032,2019-11-18T14:50:30.032,38.25,1.616265012164261e-06,1.8299478883617999e-06,-8.194433613206172e-07
1574106630082,2019-11-18T14:50:30.082,38.3,1.9768628923887417e-06,1.6224809322511605e-06,-2.659488107260713e-07
1574106630132,2019-11-18T14:50:30.132,38.35,2.5330430743482033e-06,1.4578559724641135e-06,1.5205853175611864e-07
