exp_id,activity_id,activity_name,acc_x_mean,acc_x_var,acc_y_mean,acc_y_var,acc_z_mean,acc_z_var,acc_sum_mean,acc_abssum_mean,acc_sum_var,acc_abssum_var,acc_maxabssum,gyr_x_mean,gyr_x_var,gyr_y_mean,gyr_y_var,gyr_z_mean,gyr_z_var,gyr_sum_mean,gyr_abssum_mean,gyr_sum_var,gyr_abssum_var,gyr_maxabssum
13,2,Sitting and Writing on a notebook,-0.55768,0.001206879358717434,0.7877520000000001,0.00040884418436873746,-0.077158,0.004701680396793587,25.485666666666685,237.48833333333334,116214.91530033332,32633.95328433334,393.87600000000003,-1.0708419999999996,48.844805564164325,-1.2804160000000002,65.03987555806013,0.5001479999999999,25.61247593396393,-308.5183333333333,1638.7623333333333,236764.12498633328,70342.44326433331,1819.243
13,2,Sitting and Writing on a notebook,-0.5664779999999999,0.00042477907414829603,0.791112,7.420787174348698e-05,-0.033266000000000004,9.958240881763529e-05,31.894666666666684,231.80933333333337,116956.86383033336,37879.41794233334,395.55600000000004,0.8245459999999999,4.425026428741483,-0.9651060000000001,63.38877059996393,-0.29695400000000005,5.453366981847696,-72.91900000000004,1002.6803333333332,204460.151092,263780.1645493332,1591.1309999999999
13,2,Sitting and Writing on a notebook,-0.56627,7.333577154308554e-05,0.790796,4.877593587174357e-05,-0.028834000000000002,7.13771983967936e-05,32.615333333333325,230.98333333333338,116760.78830633339,38326.47784233334,395.398,0.12697400000000003,3.4852837287815626,-0.433908,3.4806575867094183,0.23390799999999998,1.3911764444248496,-12.170999999999998,624.4456666666666,32166.737839,22642.42316433333,733.928
13,2,Sitting and Writing on a notebook,-0.559646,4.325118637274504e-05,0.795806,3.3126617234468995e-05,-0.024434000000000004,5.2939523046092185e-05,35.28766666666668,229.981,116520.65278533334,39051.591372,397.903,0.323424,3.6745675553346695,-0.905998,2.720478983963928,0.41513799999999995,1.456294616188377,-27.905999999999995,664.9273333333332,136053.76009899998,23921.098884333333,757.588
13,2,Sitting and Writing on a notebook,-0.555586,0.00044471603607214386,0.799082,7.507342284569123e-05,-0.017794000000000004,0.0002634424488977956,37.617,229.44500000000002,116318.001036,39493.979728,399.541,0.377226,8.417356475875751,-1.007348,4.382393401699399,0.251332,10.249256482741481,-63.13166666666666,850.8036666666667,146548.7417963333,6617.765066333325,939.9729999999998
13,2,Sitting and Writing on a notebook,-0.55489,0.0004510680360721439,0.8002319999999999,6.826270140280546e-05,-0.00944,0.00023522885771543083,39.317,228.26299999999995,116226.67020699999,40404.396979,400.116,0.44528199999999996,8.490019782040081,-1.368786,4.269111988180361,0.33512400000000003,10.32067380824048,-98.06333333333335,888.7946666666667,258595.2825703333,3633.7563643333374,954.109
13,2,Sitting and Writing on a notebook,-0.5598,6.751903807615177e-05,0.7972820000000002,3.9333142284569175e-05,-0.003174,8.38754749498998e-05,39.05133333333337,227.4606666666667,116343.07777233336,41029.17276033334,398.6410000000001,0.429454,1.9255872183206413,-1.227532,1.455591520016032,0.11061199999999999,1.1359429273106212,-114.5776666666667,558.0903333333333,193245.50791233339,23766.30170633334,701.24
13,2,Sitting and Writing on a notebook,-0.566314,5.8135675350700925e-05,0.79312,3.9167935871743545e-05,0.002818,3.735959519038076e-05,38.27066666666668,227.48466666666664,116522.88687433333,41098.69535633334,396.56,0.262726,1.2821453897034067,-0.7295219999999999,0.9566731718597196,0.054495999999999996,0.6990110360561121,-68.71666666666665,418.24666666666667,68441.66878033332,6910.696746333329,483.82899999999995
13,2,Sitting and Writing on a notebook,-0.563246,0.00025962874148296517,0.7956340000000001,8.094192785571137e-05,0.014144,0.00031975878156312624,41.088666666666676,229.00133333333335,116277.52860833333,40151.130854333336,397.817,0.33365799999999995,5.730364469975951,-0.9124540000000001,4.222685747378757,0.33632,4.367074574749498,-40.412666666666674,672.1600000000001,129676.61274433335,9921.727956999997,756.7470000000001
13,2,Sitting and Writing on a notebook,-0.5564159999999999,0.00021851998396793542,0.800984,5.787950300601193e-05,0.028912,0.00026784795190380766,45.58000000000001,231.1386666666667,115884.95003200001,38867.42214933333,400.492,0.23464999999999997,6.769404825150301,-1.233648,4.7807059680320645,0.41559199999999996,4.629494895326653,-97.23433333333337,799.625,204526.3167403334,26496.61701700001,908.441
13,2,Sitting and Writing on a notebook,-0.557054,5.35341523046088e-05,0.800688,3.552169939879758e-05,0.037230000000000006,9.844599198396795e-05,46.810666666666656,232.49533333333338,115812.70537433335,38018.443112333334,400.344,0.07781199999999998,2.5502350988537077,-1.026578,1.9145281882925853,0.293542,0.9538782166693387,-109.204,562.6999999999999,125372.229975,23422.436875000007,677.825
13,2,Sitting and Writing on a notebook,-0.551172,0.0002371006172344686,0.80436,7.607855711422804e-05,0.05147800000000001,0.0003415967094188377,50.77766666666667,234.5016666666667,115311.88881033333,36692.898454333335,402.18,0.07340000000000005,5.470106320641282,-0.993902,2.254129655707415,0.31269399999999997,4.313860473310621,-101.30133333333332,697.2280000000001,120982.84520233332,7983.297229000004,792.096
13,2,Sitting and Writing on a notebook,-0.54569,0.0002112964929859718,0.807978,5.5540597194388315e-05,0.064866,0.00020676958316633267,54.525666666666645,236.42233333333334,114892.13032933333,35508.42326933333,403.989,0.18828400000000006,5.2391071897234465,-1.02646,2.428003611623246,0.325256,4.608842467398798,-85.48666666666666,720.8413333333333,138395.85245733336,3615.9748813333335,783.8
13,2,Sitting and Writing on a notebook,-0.5468200000000001,7.292545090180355e-05,0.8072140000000002,3.0252709418837417e-05,0.07168000000000001,5.7648897795591174e-05,55.34566666666669,237.61900000000003,114873.35784633335,34773.88833300002,403.6070000000001,0.233922,1.6422031943046091,-0.85011,1.9125767994989982,0.23856,1.1278204913827654,-62.937999999999995,524.5613333333332,98347.88570700001,13375.247406333328,638.8609999999999
13,2,Sitting and Writing on a notebook,-0.547812,6.903873346693382e-05,0.806308,3.0690517034067963e-05,0.08089,7.242675350701401e-05,56.56433333333333,239.16833333333332,114797.43558033333,33794.48378433334,403.154,0.13622599999999996,1.8320807925090181,-0.695356,2.409095616496994,0.161344,0.8817686629899799,-66.29766666666667,526.9776666666667,59420.60111033334,22951.300250333334,671.978
13,2,Sitting and Writing on a notebook,-0.545298,9.832183967935873e-05,0.8072320000000001,2.9841859719438646e-05,0.08977,6.603717434869739e-05,58.61733333333334,240.38333333333335,114475.02029033334,32952.78752433334,403.61600000000004,0.16986400000000001,1.8273421297635273,-0.746808,2.8611090572505007,0.25584,2.1529061627254507,-53.51733333333332,584.076,77207.60166933332,12955.799872000001,715.508
13,2,Sitting and Writing on a notebook,-0.545742,0.00028403951503006003,0.807274,0.00010130553507013981,0.069446,0.0011540632104208417,55.16300000000001,237.077,114729.11371599999,34985.292676,403.637,-0.7529159999999999,23.5504219768978,2.3513440000000005,85.5881101138918,0.127812,7.402829090837676,287.70666666666676,1370.2953333333332,639841.9380253336,419191.4959853332,2083.124
13,2,Sitting and Writing on a notebook,-0.55572,0.0002987310621242479,0.8009200000000001,0.00012749659318637234,0.031148000000000006,0.0007742906773547092,46.058000000000014,231.298,115726.46129200002,38660.323132000005,400.46000000000004,-0.38571400000000006,24.440253575354706,2.123156,87.16941558282966,-0.017292000000000016,6.34001187448497,286.69166666666666,1396.997,458820.0453203334,518420.07499900006,2163.3
13,2,Sitting and Writing on a notebook,-0.5630660000000001,0.00014234633667334606,0.795346,4.479587575150301e-05,0.01776,6.316072144288576e-05,41.673333333333325,229.37733333333335,116136.74964233334,39821.21767633334,397.673,0.559624,3.3875820106452896,-1.220484,3.2185513003446897,0.31965200000000005,2.396391810517034,-56.867999999999974,678.4086666666667,233266.247956,23063.36293733335,837.95
13,2,Sitting and Writing on a notebook,-0.5714359999999999,0.00030788567535070096,0.78965,9.325000000000002e-05,0.013508,0.0001879658677354709,38.62033333333334,229.38499999999996,116546.29111233332,39863.532009,394.825,0.451096,6.496658599983967,-0.8240319999999999,4.2965862875511025,0.04855799999999996,5.569574623883768,-54.06299999999999,731.0983333333334,106225.06524699999,4356.834844333338,774.854
13,2,Sitting and Writing on a notebook,-0.5779399999999999,0.00017985210420841676,0.784944,5.665818036072149e-05,0.011316,0.00015995204809619236,36.38666666666667,229.30666666666664,116798.98805733332,39917.627017333325,392.472,0.565128,4.875005763142284,-0.7524400000000001,3.7080459983967935,-0.07876000000000004,4.22449747735471,-44.345333333333365,643.8559999999999,108517.58056533332,10469.875216,712.6999999999999
13,2,Sitting and Writing on a notebook,-0.5746359999999999,6.237625651302599e-05,0.787386,3.237375150300607e-05,0.016890000000000002,5.67313627254509e-05,38.27333333333335,229.8213333333333,116611.29263233334,39581.864408333335,393.69300000000004,0.464994,1.5693284749138279,-1.061,2.1000622244488976,0.321352,0.863904577250501,-45.77566666666666,516.9943333333332,177507.82350433333,27940.47274433334,683.322
13,2,Sitting and Writing on a notebook,-0.571556,5.928543486973931e-05,0.78984,2.492024048096197e-05,0.021272000000000003,4.919240080160321e-05,39.926000000000016,230.44466666666665,116480.869876,39214.881497333336,394.92,0.341812,1.3404579766092186,-0.87783,1.7607119530060118,0.339754,0.8858612119078157,-32.71066666666667,493.4433333333333,123751.73502433335,15521.853494333322,627.1109999999999
13,2,Sitting and Writing on a notebook,-0.568784,8.102339078156268e-05,0.7919160000000001,3.26181803607215e-05,0.026616,7.324703807615231e-05,41.62466666666668,231.21933333333334,116320.40583333334,38725.75498533333,395.958,0.250964,1.7953820227494992,-0.821704,2.6489617518877755,0.29269399999999995,1.084541451266533,-46.34100000000001,567.9243333333333,99760.03889699999,20654.83035233332,720.3839999999999
13,2,Sitting and Writing on a notebook,-0.561326,0.0004030337915831657,0.797162,8.761498597194378e-05,0.038276,0.00028406395190380766,45.68533333333334,232.794,115871.67356433334,37712.828433,398.581,0.21232799999999996,7.812112753923847,-0.9786600000000001,3.6390030224448893,0.3796419999999999,7.299211292420843,-64.44833333333337,839.4823333333334,137142.94641433333,5033.963958333343,920.8240000000001
14,3,Using computer (Typing),0.075732,0.0005330262284569137,0.9343640000000001,1.8789082164328427e-05,-0.245546,7.62684208416834e-05,127.425,209.27366666666668,93027.33636699998,51689.83096433333,467.182,0.168926,0.9178589504248498,0.438646,5.9853375598036065,0.630726,1.0630568486212426,206.38299999999995,508.9096666666666,13454.2852,22982.602145333334,677.439
14,3,Using computer (Typing),0.054744,0.0069527439519038075,0.930816,0.0002210081603206411,-0.24931600000000004,0.00013684583567134275,122.70733333333334,211.64733333333334,93861.09042533334,49887.148841333335,465.408,0.172476,6.4066878811863734,0.31109400000000004,25.413171888941882,-0.3392620000000008,351.5936324061683,24.051333333333208,1834.7719999999997,29335.569054333413,2390981.6060109986,3607.600999999999
14,3,Using computer (Typing),0.04501,0.006325428757515031,0.9310640000000001,0.00022482555511022014,-0.250176,0.00017006114629258522,120.98300000000002,210.20966666666666,94481.43346300002,50701.729484333344,465.53200000000004,0.11354599999999994,6.9970216231302595,0.025608000000000006,25.946763573482972,-0.26290999999999987,351.47608635460915,-20.625999999999987,1872.53,9695.61867099999,2186597.8871410005,3566.8650000000002
14,3,Using computer (Typing),0.07372999999999999,5.8466032064128254e-05,0.933292,2.2583903807614972e-05,-0.24894799999999997,7.701933466933873e-05,126.34566666666667,209.32833333333335,93360.80588033333,51578.12040433334,466.646,0.216104,1.458356149482966,-0.7541559999999999,1.1764285447535068,0.431132,0.51330096450501,-17.819999999999983,433.1233333333334,99689.54797199999,12315.338533333339,527.73
14,3,Using computer (Typing),0.075422,5.5551018036072145e-05,0.9329339999999999,1.6566777555110068e-05,-0.249654,3.4407098196392855e-05,126.45033333333333,209.66833333333332,93313.15056933333,51356.46576533334,466.467,0.161602,0.6956646569098196,-0.6769580000000001,1.140016994224449,0.26380200000000004,0.5382199627214429,-41.92566666666668,375.4863333333333,66610.71213333335,12245.23620133334,501.935
14,3,Using computer (Typing),0.07797,6.717144288577152e-05,0.9330020000000001,1.9124244488977774e-05,-0.248524,3.95845931863728e-05,127.07466666666669,209.91600000000003,93070.07257233335,51194.93835100002,466.50100000000003,0.144872,0.9831008773707416,-0.650226,1.06454478048497,0.354288,0.7859853717995992,-25.177666666666664,409.05633333333327,70211.84445233333,6494.545646333332,501.98699999999997
14,3,Using computer (Typing),0.08907799999999999,0.0002046933026052104,0.932284,3.231597595190354e-05,-0.24808,0.00010137635270541091,128.8803333333333,211.57366666666667,92413.79366233332,50183.87950233334,466.142,0.21574400000000002,2.492632383230461,-0.799742,2.8799533341042087,0.516854,1.8062599445731466,-11.19066666666665,616.7773333333333,118971.00314633334,14065.992214333335,751.745
14,3,Using computer (Typing),0.095368,0.00014380819238476956,0.93223,3.476262525050072e-05,-0.247,0.00010716633266533073,130.09966666666665,212.433,92005.71864033335,49702.934306999996,466.115,0.26511,2.397008442785571,-0.8909819999999999,3.385303392460922,0.42354800000000004,2.0428599836633263,-33.72066666666665,663.7593333333333,128735.01805033334,21853.25979633332,834.4169999999999
14,3,Using computer (Typing),0.09556999999999999,8.185280561122245e-05,0.9312860000000001,2.37316673346692e-05,-0.250428,5.874230060120246e-05,129.40466666666666,212.88066666666668,92274.32610233333,49415.41037433335,465.64300000000003,0.25900599999999996,0.9277483987615229,-0.759182,1.4323609387535068,0.284552,1.087916744785571,-35.937333333333335,467.7726666666667,88614.16934233332,6782.407130333328,560.2189999999999
14,3,Using computer (Typing),0.09839999999999999,5.228056112224449e-05,0.9305720000000001,2.1435687374749402e-05,-0.25229399999999996,5.738232865731471e-05,129.44633333333337,213.54433333333336,92277.85388233335,49010.610254333355,465.28600000000006,0.093814,1.3406552018076152,-0.9071139999999999,1.1428125501042081,0.349324,0.9117463557354709,-77.32933333333332,470.84999999999997,110240.77788033333,4905.763302999998,546.627
14,3,Using computer (Typing),0.09944400000000002,0.00010217120641282567,0.930706,2.9234032064128088e-05,-0.251064,0.0001238355751503007,129.84766666666667,213.53566666666669,92101.36265033335,48995.76605033333,465.353,0.24111799999999994,2.6740460000761526,-0.5463339999999999,4.320760599643286,0.42161000000000004,1.099986823547094,19.39900000000002,597.317,66232.23339599997,19205.907987999988,726.733
14,3,Using computer (Typing),0.102404,0.00011563204809619239,0.929114,3.0870745490981854e-05,-0.25499400000000005,0.00012021439278557128,129.42066666666668,214.4186666666667,92220.60459033336,48382.12110833333,464.557,0.41965399999999997,2.347375453190381,-0.24411399999999997,4.300718113230461,0.146994,1.0130934127895792,53.75566666666666,571.7423333333332,27829.037545333333,24100.127237333327,720.637
14,3,Using computer (Typing),0.101898,6.797955511022045e-05,0.928056,2.6349563126252437e-05,-0.25881,4.738466933867744e-05,128.524,214.79399999999998,92554.091841,48127.02605100001,464.028,0.22905399999999998,1.2359537986813627,-0.5550999999999999,1.6057415330661322,0.10763,0.793543331763527,-36.402666666666654,460.536,44535.51401633333,9370.514292999998,563.204
14,3,Using computer (Typing),0.10033199999999999,5.663905410821643e-05,0.9274240000000001,2.7463150300601146e-05,-0.261702,5.176071743486983e-05,127.67566666666669,214.90966666666668,92882.10156233335,48054.46811033334,463.71200000000005,0.29782600000000004,1.1865194546332665,-0.670812,1.5001327661883768,0.24367200000000003,0.7775969903967936,-21.552333333333326,456.5783333333333,74061.38404233335,8686.928784333328,556.0699999999999
14,3,Using computer (Typing),0.100744,6.0323110220440886e-05,0.9260420000000001,2.9102440881763528e-05,-0.26570000000000005,7.053106212424855e-05,126.84766666666667,215.41433333333336,93151.95785433336,47682.45115433335,463.0210000000001,0.25134599999999996,1.3583119221282565,-0.593394,1.9827876701042082,0.206954,0.9499764928697395,-22.515666666666664,476.8423333333333,56504.71826533334,9484.049641333333,576.015
14,3,Using computer (Typing),0.10137399999999999,6.457126653306614e-05,0.9258560000000001,3.270467334669336e-05,-0.266232,5.673564729458922e-05,126.83300000000001,215.577,93165.77247100002,47585.52291100001,462.92800000000005,0.033653999999999996,1.606075116517034,-0.5242899999999999,1.9119634167334671,0.17170999999999997,0.9302253686372745,-53.154333333333334,473.97766666666666,33949.04026133333,8860.990865333335,562.299
14,3,Using computer (Typing),0.09680799999999999,0.00010435183967935872,0.9285640000000001,3.337665731462918e-05,-0.25800599999999996,0.00010172541482965947,127.89433333333335,213.89633333333336,92735.80762633335,48643.78625433335,464.28200000000004,0.116824,1.6495731473186372,-0.67733,1.6700442015030061,0.18718200000000002,1.0076138084929862,-62.22066666666668,503.15399999999994,57625.49258433335,10147.488013,606.4929999999999
14,3,Using computer (Typing),0.09226000000000001,6.308657314629259e-05,0.9304680000000001,2.3620216432865642e-05,-0.253438,7.681177955911833e-05,128.215,212.69433333333336,92655.54897100001,49455.85916033335,465.23400000000004,0.20707399999999998,1.3151741408056112,-0.6401479999999999,1.494841336769539,0.19183799999999998,0.8732422923406815,-40.205999999999996,462.72999999999996,58759.08154899998,8354.414756999999,557.406
14,3,Using computer (Typing),0.096356,8.477080561122244e-05,0.9298500000000001,2.7650801603206313e-05,-0.25508600000000003,6.555371142284579e-05,128.52,213.5486666666667,92595.71047899999,48967.246526333336,464.925,0.2217,1.1335589398797596,-0.563652,1.5805446481923848,0.291718,1.1540104754268539,-8.372333333333339,465.4949999999999,56389.088380333334,4915.626288999995,546.3699999999999
14,3,Using computer (Typing),0.09956999999999999,7.394098196392785e-05,0.9289200000000001,3.356873747494983e-05,-0.25647799999999993,6.861474549098209e-05,128.66866666666667,214.16133333333332,92490.00080033334,48525.82443033334,464.46000000000004,0.268644,1.2283389231102206,-0.643892,1.656438978292585,0.334652,1.1774067564088175,-6.76600000000001,487.25933333333325,74776.14030400002,5250.969817333332,570.396
14,3,Using computer (Typing),0.100204,6.84713266533066e-05,0.9280640000000001,3.2164232464929826e-05,-0.258584,5.027148697394799e-05,128.28066666666666,214.47533333333334,92592.27018533336,48276.66143333334,464.03200000000004,0.29414200000000007,1.2331004186733467,-0.41479599999999994,2.701073697779559,0.173442,0.9372681709779559,8.798000000000021,473.8426666666667,35966.063437000004,14851.412802333332,610.948
14,3,Using computer (Typing),0.10207,9.913937875751503e-05,0.9271960000000001,3.2634853707414785e-05,-0.2606800000000001,4.5969539078156395e-05,128.09766666666667,214.991,92644.57790633338,47926.401093000015,463.59800000000007,0.382566,1.248378073791583,-0.17125199999999993,7.260517824144287,0.115756,0.9868224613867733,54.511666666666684,571.3003333333332,19178.147720333327,67702.71379433334,869.7959999999999
14,3,Using computer (Typing),0.103318,8.12994749498998e-05,0.9254180000000001,3.371069739478956e-05,-0.266966,5.920725851703414e-05,126.96166666666669,215.95033333333336,93114.09392133335,47341.17142533335,462.70900000000006,0.236596,1.1849968745330661,-0.35524799999999995,6.055978503503006,0.142818,0.7429186501763527,4.02766666666668,520.8936666666666,25297.640582333326,50734.45018633331,776.1959999999999
14,3,Using computer (Typing),0.10036400000000001,7.647645691382765e-05,0.9247540000000002,2.8494472945891816e-05,-0.27001400000000003,5.819820040080158e-05,125.8506666666667,215.85533333333333,93511.22120033336,47378.51925833335,462.37700000000007,0.15782,1.2620405366733467,-0.645356,1.8657168549739478,0.186976,0.8286945405050101,-50.093333333333334,469.20199999999994,55779.92989733333,14442.663471999997,604.1659999999999
15,4,Using computer (Browsing),0.156228,0.0005778477114228457,0.9354600000000001,5.86897795591177e-05,-0.211456,0.0005741804248496993,146.70533333333336,217.19066666666671,85742.09769733335,47268.101409333336,467.73,0.240138,7.817579273503005,-1.126348,6.48943082454509,-0.445504,7.9496529599038075,-221.9523333333333,1058.3116666666667,116705.72886233333,3103.6395503333333,1121.538
15,4,Using computer (Browsing),0.126378,0.0004279269699398798,0.941576,4.0368961923847274e-05,-0.20306400000000002,0.0001633185410821643,144.1483333333333,211.83633333333333,86803.35584033334,50659.520664333344,470.788,-0.09948799999999998,0.7417366591743487,-0.483576,2.073307395014028,-0.25135,2.155542340180361,-139.069,453.135,9354.773911000002,18231.879091,541.8
15,4,Using computer (Browsing),0.10820400000000001,4.7441266533066155e-05,0.946522,0.00017107967535070134,-0.18964799999999998,3.071753106212429e-05,144.17966666666663,207.39566666666664,86765.63133033332,53427.85192233332,473.26099999999997,0.047589999999999986,1.1529776692384772,-0.602664,0.48556650812024044,0.18490399999999996,8.96140319317034,-61.69499999999999,373.2949999999999,44247.864739,14127.979842999986,494.5739999999999
15,4,Using computer (Browsing),0.110918,5.094115831663328e-05,0.9469359999999999,0.00016805200801603206,-0.186916,1.277449298597195e-05,145.15633333333332,207.46166666666662,86385.48107433331,53430.50803033333,473.46799999999996,0.19751400000000002,1.0890443144328659,-0.5087099999999999,0.3237597333667335,0.30727,8.862109676452905,-0.6543333333333218,342.55300000000005,49025.91992133333,13294.511764,473.163
15,4,Using computer (Browsing),0.11346600000000001,8.525895791583167e-06,0.9461519999999999,8.189274549098205e-06,-0.18886,6.521442885771554e-06,145.12633333333332,208.07966666666667,86375.80104233332,53022.55846233332,473.07599999999996,0.247416,0.10826269633667336,-0.563866,0.10550294593587174,0.20898599999999998,0.09656898777955913,-17.910666666666668,200.99199999999996,52373.148430333335,5794.7776209999965,288.52099999999996
15,4,Using computer (Browsing),0.11555200000000002,2.3133563126252494e-05,0.9455279999999999,9.207631262525046e-06,-0.190536,7.99268937875753e-06,145.09066666666664,208.60266666666666,86382.97651733331,52687.320037333324,472.76399999999995,0.225446,0.14053744196793586,-0.48127800000000004,0.14912418508617234,0.29217799999999994,0.19102016264128258,6.057666666666653,216.8283333333333,45922.75649733333,2201.800065333335,268.821
15,4,Using computer (Browsing),0.11943,1.703517034068135e-05,0.945194,9.006376753507013e-06,-0.19155,8.98146292585172e-06,145.51233333333334,209.36233333333334,86282.56940133334,52294.44820133332,472.597,0.22520199999999999,0.148775656509018,-0.5461159999999999,0.27927089232865726,0.306462,0.31848488232064126,-2.4086666666666665,248.55466666666666,55350.99545033334,3808.7222623333346,307.096
15,4,Using computer (Browsing),0.120998,9.641278557114227e-06,0.945322,7.152621242484983e-06,-0.190706,1.0368300601202423e-05,145.93566666666666,209.5043333333333,86134.54405733332,52242.27373733334,472.661,0.183,0.1071558517034068,-0.5523420000000001,0.2518108186733467,0.23387599999999997,0.2508771188617234,-22.577666666666687,221.18966666666665,48393.95699433335,5241.236862333332,297.155
15,4,Using computer (Browsing),0.12187,8.530160320641285e-06,0.945156,7.683030060120248e-06,-0.19036400000000003,9.638781563126272e-06,146.1103333333333,209.56499999999997,86028.98245633332,52175.092879,472.578,0.20324,0.15145630701402807,-0.593084,0.26837813721843684,0.25582599999999994,0.1376820999238477,-22.33633333333333,220.09166666666667,56564.39118633332,6446.638826333331,312.768
15,4,Using computer (Browsing),0.12407599999999999,1.680383166332667e-05,0.944296,8.930244488977953e-06,-0.19206,1.0361122244488996e-05,146.05200000000002,210.072,86000.324068,51801.736348000006,472.148,0.254596,0.19139047773947898,-0.7258519999999998,0.39943100410420845,0.33157,0.18376911533066131,-23.280999999999977,260.92233333333326,86889.35681099999,11299.506592333328,383.66599999999994
15,4,Using computer (Browsing),0.125666,1.7733911823647313e-05,0.943852,8.771639278557111e-06,-0.19350600000000004,9.412789579158333e-06,146.00199999999998,210.50400000000002,86036.76318099999,51543.738162999995,471.926,0.221058,0.15302660785170344,-0.540126,0.30673773759919837,0.22505599999999998,0.26249066218837674,-15.668666666666667,227.60999999999999,48538.356624333326,3793.070472999998,295.43899999999996
15,4,Using computer (Browsing),0.12487999999999999,1.214589178356715e-05,0.9441059999999999,7.457679358717436e-06,-0.19306600000000004,7.737118236472959e-06,145.98666666666665,210.34199999999998,86057.54398233333,51660.06880299998,472.05299999999994,0.21593600000000002,0.10553738266933868,-0.46749,0.1244260740480962,0.12674999999999997,0.19186151853707417,-20.800666666666668,195.37866666666665,34506.100736333334,2356.5593263333335,248.01899999999998
15,4,Using computer (Browsing),0.1237,9.496993987975963e-06,0.944126,7.176476953907814e-06,-0.192662,8.115987975951917e-06,145.86066666666667,210.08133333333333,86061.27889433331,51773.030092333334,472.063,0.25558,0.11638799158316634,-0.5393119999999999,0.16991422711022044,0.249726,0.1558368245731463,-5.667666666666652,214.20033333333333,52269.52193433332,3946.150652333335,286.004
15,4,Using computer (Browsing),0.12277,1.5147394789579169e-05,0.943866,8.236517034068134e-06,-0.194428,1.5692200400801624e-05,145.368,210.1773333333333,86271.935119,51707.951084333334,471.933,0.21178999999999995,0.174558298496994,-0.45975,0.3926182880761522,0.17982399999999998,0.2589457926092184,-11.356000000000009,240.2166666666666,35876.779093000005,4407.599406333334,315.381
15,4,Using computer (Browsing),0.11926,2.62008016032064e-05,0.9441179999999999,8.885847695390779e-06,-0.195222,1.3748212424849722e-05,144.69266666666667,209.76666666666665,86557.72017033331,51958.59018433332,472.05899999999997,0.23766,0.1607459482965932,-0.49088800000000005,0.3408895425410821,0.10943800000000001,0.24389506829258517,-23.965000000000003,238.231,37817.265661000005,5240.385763,321.19
15,4,Using computer (Browsing),0.11582400000000001,1.066635671342684e-05,0.944148,7.5652264529058025e-06,-0.196548,9.919535070140294e-06,143.904,209.42,86870.17832400001,52147.615547999994,472.074,0.293288,0.09386440987575151,-0.58692,0.09959709579158314,0.22606599999999996,0.12985307178757516,-11.260999999999996,214.14700000000002,60009.631530999985,4822.861381000001,294.192
15,4,Using computer (Browsing),0.1179,1.743286573146291e-05,0.9434559999999999,7.102268537074118e-06,-0.198866,9.34272945891783e-06,143.74833333333333,210.037,86949.28998233331,51771.35293299998,471.72799999999995,0.264726,0.11152524541482968,-0.6005739999999999,0.12962842136673347,0.30607999999999996,0.16405205370741482,-4.961333333333329,223.69666666666663,65519.821626333316,5335.865832333329,305.04499999999996
15,4,Using computer (Browsing),0.120702,1.455029659318637e-05,0.942798,7.728653306613195e-06,-0.200378,1.1894905811623222e-05,143.85366666666667,210.64633333333333,86907.73194133335,51390.73144133332,471.399,0.255698,0.14853639959519038,-0.5616479999999999,0.197282200496994,0.237028,0.185493141498998,-11.48699999999999,225.5863333333333,54428.60023299999,4781.32433433333,305.22399999999993
15,4,Using computer (Browsing),0.121562,1.195807214428858e-05,0.9427259999999998,8.047018036072123e-06,-0.20074400000000003,9.164793587174322e-06,143.92399999999995,210.83866666666663,86904.79639299997,51296.558014333306,471.36299999999994,0.224968,0.13966298494589177,-0.489192,0.16994191496593186,0.21496600000000002,0.15434251787975953,-8.209666666666672,209.1436666666667,41915.12644033333,2599.502820333336,267.898
15,4,Using computer (Browsing),0.12319200000000001,5.1434004008016056e-05,0.9426379999999999,1.9934825651302484e-05,-0.20103400000000002,1.011307014028053e-05,144.13266666666667,211.144,86858.32873233334,51146.984028999985,471.31899999999996,0.17080199999999998,0.2818902633226453,-0.65013,1.7628983538076153,0.40251600000000004,1.331238382509018,-12.801999999999992,341.122,76486.84698900001,13180.051549000007,417.374
15,4,Using computer (Browsing),0.12573399999999998,0.0001257948336673347,0.941912,2.181989579158301e-05,-0.20172400000000001,1.9899623246492925e-05,144.3203333333333,211.56166666666664,86719.94041433334,50824.97013033331,470.95599999999996,0.24788799999999997,0.3291871257074148,-0.900666,3.3479126076593184,0.215892,1.8646429943246494,-72.81433333333334,447.1843333333333,106954.24176233332,34024.88778033333,593.765
15,4,Using computer (Browsing),0.120012,0.00013323031663326653,0.9416539999999999,9.088460921843602e-06,-0.204276,2.5591006012023974e-05,142.8983333333333,210.99033333333333,87225.57700033332,51080.09636433331,470.82699999999994,0.29728999999999994,0.1806678135270541,-0.65971,1.8521435610220438,-8.399999999998186e-05,0.6397731111663327,-60.417333333333346,306.6266666666666,59974.44815633334,13212.951370333336,432.433
15,4,Using computer (Browsing),0.11367000000000002,1.1307715430861724e-05,0.9419120000000001,7.0343246492985525e-06,-0.20675,8.231963927855688e-06,141.472,210.3886666666667,87836.59071700001,51462.99430033333,470.956,0.189214,0.12586641703807616,-0.41697800000000007,0.16124620993587174,0.18580599999999997,0.16582641719839677,-6.993000000000014,191.861,30451.204416000004,1991.8100639999989,242.64899999999997
15,4,Using computer (Browsing),0.114692,9.748633266533063e-06,0.941972,6.476168336673323e-06,-0.20645000000000002,6.1037074148296405e-06,141.7023333333333,210.519,87766.56136033335,51408.514227,470.986,0.200076,0.09216451525450901,-0.532636,0.12280573898196394,0.24131599999999997,0.1236731544529058,-15.20733333333333,197.5146666666666,47398.721285333326,4796.410497333332,276.078
15,4,Using computer (Browsing),0.115422,1.0757430861723434e-05,0.9418759999999999,6.285194388777512e-06,-0.206202,5.792781563126231e-06,141.84933333333333,210.58333333333334,87689.63773233333,51353.477366333325,470.938,0.23435999999999998,0.10846793827655309,-0.539834,0.1289337659759519,0.260702,0.14200758035671343,-7.462000000000008,207.61866666666666,51705.33907900001,3960.8167143333335,279.433
15,4,Using computer (Browsing),0.116288,1.1231519038076136e-05,0.941638,6.904765531062071e-06,-0.20649800000000001,6.394785571142265e-06,141.90466666666666,210.73733333333334,87650.40411633332,51240.47025833331,470.81899999999996,0.223256,0.12073512070541083,-0.538736,0.1333788359759519,0.252284,0.131965077498998,-10.532666666666671,205.32066666666665,50299.461385333336,4045.8867413333355,278.51800000000003
16,5,"While sitting (Moving head, body)",0.167116,0.010131184913827656,0.921596,0.0014264737314629247,-0.22562000000000001,0.015398600801603206,143.84866666666667,222.11733333333333,84982.75778133335,42849.75536133333,460.798,-4.357815999999999,176.78432915244892,-36.148050000000005,3356.399669225952,11.694758,389.36562582308215,-4801.851333333333,10864.050000000001,148218266.13021237,72577737.97714901,20642.687
16,5,"While sitting (Moving head, body)",0.21890199999999999,0.0034516597154308614,0.915136,0.0011868471983967931,-0.21822999999999998,0.014940542184368737,152.63466666666667,226.93533333333335,81681.02742233331,39897.83029633333,457.568,-5.382582,264.3690074060882,-21.83718,1082.3868687811623,9.32831,317.9511554648297,-2981.9086666666676,8825.456,60768829.40489033,11285779.69332101,12684.456000000002
16,5,"While sitting (Moving head, body)",0.265578,0.006089883683366735,0.926688,0.0005236499559118227,-0.126288,0.004487075206412826,177.663,221.31633333333332,70807.660443,44995.18426433334,463.344,-1.705974,178.71301140012423,-3.7296220000000004,208.58061160632866,2.282348,141.33552659608816,-525.5413333333335,4384.745333333332,2339401.9535203334,267194.27621433325,4844.692999999999
16,5,"While sitting (Moving head, body)",0.29375999999999997,0.008117613627254508,0.9248200000000001,0.0006608132264529047,-0.089282,0.005696315106212425,188.21633333333332,220.81833333333336,65556.69849033332,45978.40447433334,462.41,0.65926,31.275066016432866,10.980603999999998,1717.4675486725293,-0.6149860000000001,112.09291079539477,1837.4796666666662,4538.548333333333,10108814.678456329,12600381.819552328,8635.671999999999
16,5,"While sitting (Moving head, body)",0.262356,0.008295027318637275,0.9372460000000001,0.0007914604048096179,-0.069234,0.004800211667334668,188.3946666666667,214.314,65767.93460833335,50449.831117000016,468.62300000000005,0.7526700000000003,52.76679098306613,5.1590419999999995,2150.973294368974,-0.2057180000000003,130.8660030365491,950.9989999999998,6110.592333333334,2046469.6507719997,27141894.75594133,12123.775
16,5,"While sitting (Moving head, body)",0.24630000000000002,0.007389492985971943,0.937844,0.0008228052745490971,-0.098652,0.0020600269498997994,180.91533333333334,213.85,69647.87267733333,50153.184784000005,468.922,-1.3838960000000002,69.74891604928257,-10.050215999999999,566.6473787227895,0.147682,114.92475279045692,-1881.0716666666665,5320.0143333333335,7560331.547120331,8574069.546744334,8694.742
16,5,"While sitting (Moving head, body)",0.269988,0.013223382621242485,0.92474,0.0014498280561122236,-0.107886,0.006406562128256513,181.14033333333336,218.35233333333335,68241.89155233333,46152.94585633333,462.37,-2.108272,77.8754031883928,-6.365232,528.5505500502765,1.5260919999999998,224.2076160075511,-1157.9020000000003,5744.775333333334,3900137.691628,5351186.451221332,8048.106
16,5,"While sitting (Moving head, body)",0.30181399999999997,0.0058573982004008025,0.9236680000000002,0.0009027592945891779,-0.080022,0.005570879274549099,190.91,218.78333333333333,64162.28101300003,47184.29357433335,461.83400000000006,-0.17863199999999985,51.771748978533054,-1.0287719999999994,308.7765679559278,2.50975,134.13505741032063,217.05766666666682,4120.114999999999,852969.739250333,4130161.783579,6320.972
16,5,"While sitting (Moving head, body)",0.326352,0.0019335311583166335,0.921916,0.0003523536513026048,-0.066862,0.0005680590741482965,196.90099999999998,219.18833333333336,61958.152549000006,48047.87004633332,460.95799999999997,4.552549999999999,39.46076392334669,10.516233999999999,524.7599567687816,0.017791999999999975,13.233130145026053,2514.429333333333,3471.3140000000003,6931118.391574331,7383597.866083,6536.163
16,5,"While sitting (Moving head, body)",0.337384,0.0018999484408817637,0.915018,0.0005912642044088174,-0.08713599999999999,0.0007772680400801603,194.211,223.25633333333334,63257.954503,45069.73772433333,457.509,3.1182619999999996,51.168954470296605,6.886927999999999,576.0618956581324,-0.49134800000000006,106.97198586662924,1585.640333333333,3952.283000000001,3402961.8543263325,3355309.4144610027,6036.792000000001
16,5,"While sitting (Moving head, body)",0.30609800000000004,0.002481611619238477,0.92256,0.0006217178356713423,-0.10484200000000002,0.0014510791943887775,187.30266666666668,222.25000000000003,66852.16461033336,45383.004271000005,461.28000000000003,-3.567208,62.97654905083767,-11.930513999999999,770.3876825308658,1.6894780000000003,144.54193957666934,-2301.374,4336.168,11795075.709678998,4233385.857859,6584.293
16,5,"While sitting (Moving head, body)",0.29529,0.002820350601202405,0.9260839999999999,0.0003980851142284563,-0.097304,0.0031819595030060117,187.345,220.19033333333334,66639.754909,46622.00228233332,463.042,-2.890614,93.52640444589579,-6.8952459999999975,1014.3394313441725,1.075088,79.53529570767132,-1451.7953333333328,5046.55,3970420.578324331,9360459.546721004,8571.531
16,5,"While sitting (Moving head, body)",0.29061400000000004,0.0032259328697394783,0.928826,0.0006022321883767525,-0.088758,0.0020764683727454913,188.447,218.44366666666667,66113.119516,47860.50780933333,464.413,0.5151259999999999,60.91634986986372,0.307674,316.35903044461327,0.43620600000000015,77.78411468493387,209.83433333333332,3978.6236666666664,2741.0489053333313,2390711.749097334,5763.475
16,5,"While sitting (Moving head, body)",0.29083000000000003,0.004638049198396794,0.9285220000000001,0.0007709073306613217,-0.0937,0.0005304068136272545,187.60866666666666,218.842,66643.84271033332,47601.628977,464.261,-0.397444,40.166950171206416,-5.0382739999999995,226.80909234361124,0.8759639999999995,114.36663815100601,-759.9590000000002,3761.5063333333333,2422378.422666999,1873685.104942333,5168.901
16,5,"While sitting (Moving head, body)",0.28699199999999997,0.004041394725450903,0.93183,0.0005200932865731454,-0.07812000000000001,0.0013754685370741483,190.11700000000005,216.217,65380.07588700002,49479.146787000005,465.915,1.8496320000000004,46.37970253364328,8.718938,928.9996852406375,-0.3835439999999999,91.15639840487374,1697.5043333333333,4728.074333333333,5626234.105372334,8462598.064264331,8020.4349999999995
16,5,"While sitting (Moving head, body)",0.241956,0.008930771607214429,0.944178,0.00048123278156312515,0.0029939999999999928,0.00903920036472946,198.188,210.26200000000003,59835.245691,53148.048717,472.089,5.394410000000001,46.98540389368737,36.543319999999994,1594.2587877370745,-1.684514,62.143650326456914,6708.869333333332,8204.118,103405543.81322628,76236087.40789297,18285.201999999997
16,5,"While sitting (Moving head, body)",0.15627000000000002,0.009232574248496994,0.9582439999999999,0.00042287421242484914,0.11813600000000002,0.007740065635270541,205.44166666666663,207.045,56266.581262333326,55570.23595899999,479.12199999999996,4.03136,37.668594755911826,27.770494,1302.6509435129901,-1.2446239999999997,44.17388259581563,5092.871666666667,6504.464999999999,59719148.449672334,49139669.21249699,14591.600999999999
16,5,"While sitting (Moving head, body)",0.127574,0.0009180446132264529,0.9673419999999999,9.106717034068146e-05,0.12885400000000002,0.0030250107054108216,203.96166666666667,203.96166666666667,58678.0857653333,58678.0857653333,483.67099999999994,1.649192,14.576363297731461,0.9751199999999994,50.102813312224455,1.118568,5.066475307991984,623.8133333333332,1699.878,31521.34246933337,844828.2424479999,2729.642
16,5,"While sitting (Moving head, body)",0.14694200000000002,0.0003889765891783567,0.9689459999999999,4.896902204408826e-05,0.079368,0.0005225256272545091,199.20933333333332,199.23199999999997,61316.909982333316,61306.06380099998,484.47299999999996,0.50624,3.8172081106212423,-8.154254000000002,154.71906471892183,0.5512260000000001,3.1648800590420842,-1182.798,2000.7146666666665,6282981.753943002,5024987.465034332,4588.959
16,5,"While sitting (Moving head, body)",0.140406,0.00047250216833667335,0.96475,7.741432865731476e-05,-0.015855999999999995,0.007749017298597194,181.54999999999998,198.33266666666665,69397.87375900001,60703.00911633333,482.375,1.205098,10.967955828052105,-10.052918,149.10180484496595,0.250472,6.436668113442885,-1432.8913333333333,2504.248666666667,9742253.356176334,6375087.485140335,5419.149
16,5,"While sitting (Moving head, body)",0.137622,0.0009557866893787576,0.9633160000000001,0.0001006855150300602,-0.064732,0.0032400723206412827,172.70100000000002,195.55766666666668,74150.017219,61655.85466233333,481.658,1.1841559999999998,10.799974180024048,6.302822,501.02787618268127,-0.687404,12.582394790364727,1133.2623333333333,3223.673666666667,3273614.0826763334,11091078.699858334,7066.907
16,5,"While sitting (Moving head, body)",0.14835399999999999,0.001261459603206413,0.9654879999999999,0.00011188963527054115,-0.030336,0.0019246003046092183,180.58433333333332,192.021,70470.98037633333,64147.10985299998,482.74399999999997,-0.512164,5.31890119549499,0.42014400000000024,792.8991596665971,0.33135400000000015,15.199911171026052,39.88900000000007,3943.517,66191.85363700002,24387478.943568997,9635.32
16,5,"While sitting (Moving head, body)",0.15906399999999998,0.0007529177394789582,0.9635299999999999,7.186082164328663e-05,-0.04424000000000001,0.0007369923847695392,179.72566666666663,194.5783333333333,71004.10143633331,62672.0673423333,481.76499999999993,-0.12546599999999994,6.103873299442886,-2.7117080000000016,690.8410418384128,0.43464399999999975,12.408086514292586,-400.4216666666669,3231.843666666666,704245.908440334,16813952.484464332,7963.432
16,5,"While sitting (Moving head, body)",0.16059800000000002,0.0022558841643286576,0.956498,0.0005530881723446888,-0.04990400000000001,0.014875794372745488,177.86533333333333,202.278,70442.20365033331,57386.15754099999,478.24899999999997,-0.56436,45.87324066372745,-12.435848000000005,3794.853512085066,5.313178,192.67999304039677,-1281.1716666666678,7753.075,20437733.509344347,76670794.62168099,17826.356
16,5,"While sitting (Moving head, body)",0.20994,0.004688757915831664,0.92806,0.0012169863727454898,-0.1392,0.02472724649298597,166.46666666666667,220.58399999999997,74026.6242333333,44490.644076,464.03,-5.887772,71.54252753508618,-36.539992000000005,3008.5266765089536,11.469608,195.38077219873347,-5159.692666666667,11237.993333333334,147739955.14803338,110119159.99422538,23290.126000000004
16,5,"While sitting (Moving head, body)",0.278654,0.0029049121082164323,0.904836,0.0007316363767535073,-0.20898800000000003,0.003652733322645291,162.417,232.07966666666667,77937.60501099999,36715.070324333334,452.418,-5.876816000000001,53.18901222659719,-19.405507999999998,633.3424613446252,7.072313999999999,141.46597632806015,-3035.001666666667,7513.007666666667,43824188.86881032,22105245.160204332,12850.07
16,5,"While sitting (Moving head, body)",0.287548,0.0041194626212424845,0.906586,0.0007626799639278562,-0.19983800000000002,0.0026177191943887778,165.716,232.32866666666666,76871.96775899999,37099.74271033333,453.293,-0.9892719999999999,31.626325240496993,-3.7264660000000003,362.93585182048497,1.870024,84.66069124992384,-474.2856666666667,3668.8650000000002,1957854.3720563336,4143412.0358110005,5955.939
16,5,"While sitting (Moving head, body)",0.25357,0.007405752605210421,0.920256,0.0008850926492985965,-0.17045200000000002,0.007518937571142284,167.229,224.44366666666667,75579.53418100001,42067.70240633332,460.128,2.8831539999999993,74.06455359347096,18.080726,2172.9978860951137,-4.907541999999999,114.10458821666934,2676.056333333333,5953.6923333333325,34171733.52080933,31125764.11728934,12372.225
17,6,While sitting (Moving chair),0.131106,0.005593870505010021,0.9463680000000001,0.000793263102204408,-0.15225,0.007583686873747494,154.20400000000004,205.386,81329.34422100002,53808.803947,473.184,1.671596,52.364217459703404,4.050116000000001,930.5246872730902,0.32050400000000034,213.06851181761922,1007.0360000000004,5648.3786666666665,891367.1938920002,11203409.335909337,9237.136
17,6,While sitting (Moving chair),0.14675,0.001957562625250501,0.954414,0.0002968923887775548,-0.115262,0.002923091539078156,164.317,202.73766666666666,77715.757084,56562.02958933333,477.207,-0.41547400000000007,20.892066762849694,4.426588000000001,572.4705468038637,-2.195966,125.9810515479399,302.52466666666675,4554.479333333334,2936414.0690343343,10205712.459160332,8001.947999999999
17,6,While sitting (Moving chair),0.076216,0.015202454252505009,0.9127179999999999,0.005301248973947893,-0.223464,0.04563779228857715,127.57833333333333,211.535,86685.55148033334,45465.26011299999,456.359,2.812102,180.05131568296193,-5.03623,123.6899636043086,-1.4391339999999997,102.28155892990382,-610.5436666666666,4240.066333333333,3858684.264297333,395673.66793733306,4760.432999999999
17,6,While sitting (Moving chair),-0.06566,0.02672442124248497,0.884462,0.006442345246492984,-0.29672000000000004,0.05129205771543086,87.01366666666667,221.73233333333334,97971.31065033334,38192.06322233332,442.231,1.9936480000000003,437.5018587576113,5.3175419999999995,221.32393499422446,-7.242788000000001,230.60725403512623,11.400333333333188,6816.727666666667,10588412.958926333,2928313.0975263338,8786.09
17,6,While sitting (Moving chair),-0.329524,0.05274521585571143,0.821428,0.010332185186372748,-0.266372,0.02349292747094189,37.58866666666666,240.28333333333333,104666.14672533334,22080.730309333336,410.714,-3.3090540000000006,299.84024227162723,6.300846000000002,226.75127257543488,-8.64268,268.72647454669345,-941.8146666666665,6016.25,14337779.734606337,99250.20760899958,6379.272999999999
17,6,While sitting (Moving chair),-0.411436,0.042806001907815625,0.795138,0.00606979053707415,-0.27386,0.0038403170340681365,18.307,248.14300000000003,109062.695719,18078.347107,397.569,4.2215679999999995,189.4676267107976,-19.027568000000002,2893.516527496369,8.323287999999998,533.5278268066694,-1080.452000000001,8837.978666666668,54392323.15156801,15762155.610577337,12825.994
17,6,While sitting (Moving chair),-0.299518,0.056620270216432865,0.877338,0.006839450657314629,-0.12039799999999999,0.037731470537074145,76.23699999999998,233.313,100522.96436799999,32533.241775999995,438.669,4.8208519999999995,573.8052534209379,-27.957800000000002,2652.0853512825656,7.311335999999999,555.2393270652344,-2637.6020000000008,11305.767333333335,96856437.153244,11144202.93997734,15108.044000000002
17,6,While sitting (Moving chair),-0.40091200000000005,0.04029622069739479,0.8402159999999999,0.008799231807615231,-0.102566,0.039379284212424856,56.12299999999997,240.68633333333332,104926.95615099998,27305.520154333324,420.10799999999995,0.7017060000000006,535.3779247891422,-5.121337999999999,281.9211035508577,-6.675262000000001,173.06157095526655,-1849.1489999999997,6845.604333333334,3780924.0873640003,1412691.8286773332,8178.179
17,6,While sitting (Moving chair),-0.23292400000000005,0.13234760543486973,0.824508,0.0068635129619238466,-0.216506,0.024411873711422845,62.51300000000001,242.47633333333337,91755.922231,23751.350114333334,412.254,-0.5631719999999996,308.87275528498594,18.0422,2491.9184207615226,1.8347160000000005,226.40946901737874,3218.9573333333337,7318.236666666667,25608011.322049335,7868753.797249334,10494.75
17,6,While sitting (Moving chair),0.032696,0.0866644204248497,0.88463,0.006129948997995992,-0.24353400000000003,0.035814169182364734,112.29866666666668,233.24733333333333,86452.02350633332,32783.29058433333,442.315,-1.6086579999999997,522.8530129308979,39.1694,3575.558091847696,-5.699402,632.6491917158276,5310.223333333332,12123.152666666669,153866399.73500437,46745306.95227033,20016.894
17,6,While sitting (Moving chair),0.027506000000000006,0.0339273807254509,0.907102,0.003430043683366733,-0.27457600000000004,0.02356586395190381,110.00533333333333,223.87666666666664,94221.06473433334,40719.16658633333,453.551,0.4659759999999998,337.97145178299,29.440738,1659.4518214041643,-9.019994,481.06524623443283,3481.1200000000003,9765.708666666667,100364515.240557,25365600.55212034,15533.899000000001
17,6,While sitting (Moving chair),0.076424,0.009932761747494991,0.92753,0.0010487105210420832,-0.248712,0.006664197450901804,125.87366666666667,214.72766666666666,92235.00351233332,47680.71265433333,463.765,-1.1909739999999998,48.62256248228857,4.283538,181.60699440536672,0.168416,83.01361656006412,543.4966666666668,3878.378,2031352.1618803332,1607280.6565269993,5264.210999999999
17,6,While sitting (Moving chair),0.07586,0.01432651743486974,0.936318,0.0020721611983967924,-0.15667200000000003,0.01051474590781563,142.58433333333332,203.883,82878.59337033333,52485.86286099999,468.159,1.9285399999999997,126.57271000841682,22.600732,879.6138652787333,-8.354028,251.53558773869338,2695.8740000000003,8024.296666666666,62136162.225712016,24388595.725205336,13609.278
17,6,While sitting (Moving chair),0.018708000000000016,0.04030670414428858,0.916624,0.004643986597194387,-0.17531400000000003,0.04115803146693387,126.66966666666667,210.15166666666664,84842.76147433334,46216.024230333336,458.312,-1.3119559999999992,349.0278958778196,42.446349999999995,893.9133071618236,-7.114282000000001,342.23188977402407,5670.018666666667,11975.069333333333,183529690.6349723,64154717.60021632,21223.175
17,6,While sitting (Moving chair),-0.05161599999999999,0.07665401256913827,0.878092,0.005339542621242484,-0.26408800000000004,0.04449818061723447,93.73133333333332,231.99466666666663,92253.18618533332,32167.475001333332,439.046,-0.012307999999998175,485.7408721574509,15.020838000000001,1475.3700264045654,-7.346342000000001,544.8385486944248,1277.0313333333336,9285.941333333334,32503094.771786336,8490727.818912333,12649.445
17,6,While sitting (Moving chair),-0.08891999999999999,0.08611987334669338,0.8534079999999999,0.0063875446252505,-0.31346,0.027922461322645288,75.17133333333332,240.7413333333333,95832.55002533333,26042.716249333324,426.70399999999995,1.657690000000001,406.28140421432863,-4.77587,580.8710407866735,-4.497663999999999,1196.79068402315,-1269.3073333333332,9423.866,3306519.821556334,10228145.978166997,13091.532
17,6,While sitting (Moving chair),-0.010223999999999997,0.06337275533466934,0.8958520000000001,0.008263605306613226,-0.272062,0.02518420256112224,102.26100000000001,230.67966666666666,93898.16530900002,35711.41856633335,447.92600000000004,-2.8659719999999997,247.71184602326255,1.0817259999999989,674.9641294778797,7.846346,785.5366855373586,1010.3499999999998,9106.812666666667,7337423.340696999,4615070.109850335,10934.399000000001
17,6,While sitting (Moving chair),0.022116000000000004,0.031126054653306614,0.9384060000000001,0.003490061286573146,-0.18621800000000002,0.028393533543086175,129.05066666666667,215.90733333333336,89490.39837633334,48353.46309633333,469.20300000000003,3.2935380000000003,222.09189905867336,16.611968,1111.456867766509,-1.1907360000000007,250.44043418667732,3119.1283333333336,8387.949666666666,21434398.36181633,14182062.417300334,12730.126
17,6,While sitting (Moving chair),-0.030026000000000004,0.03682432196793588,0.932658,0.004038393823647293,-0.12853799999999999,0.04001048151903808,129.01566666666668,210.42033333333333,85941.75201733333,49164.80681733333,466.329,2.507536,259.6549775718477,3.9378080000000026,5553.279371173483,0.8115920000000005,364.8629946949259,1209.489333333334,11456.726,612297.1051573341,60883338.62578801,20459.88
17,6,While sitting (Moving chair),-0.028338,0.03314261698997996,0.938194,0.004083367098196391,-0.1442,0.023118609218436875,127.60933333333332,206.98866666666666,88299.37005433333,51679.529858333335,469.097,3.27024,269.71693867975955,-2.5990240000000013,6860.916211939303,5.75929,294.8404612844689,1071.7509999999997,10587.445666666667,4604376.780283001,65071754.391692355,19894.886000000002
17,6,While sitting (Moving chair),-0.0777,0.02510350100200401,0.900692,0.004319464064128257,-0.286968,0.015588035046092187,89.33733333333332,218.8646666666667,100482.51154533333,41816.63536133334,450.346,10.470248,134.54990476803206,-16.566089999999996,4713.5275543265525,6.293805999999998,259.317754068501,32.99400000000029,10543.364,52957545.22335099,70600840.48483302,20239.275
17,6,While sitting (Moving chair),-0.152988,0.07989730246092183,0.8694,0.003975527054108216,-0.277448,0.018161907110220442,73.16066666666667,230.30466666666666,99001.16038533332,31445.80990533333,434.7,7.154983999999999,114.12451051276953,-25.736699999999995,2294.704713380762,13.612438,480.2364491244048,-828.2130000000003,11200.813666666667,111329843.74420899,37715977.93675833,17741.282
17,6,While sitting (Moving chair),0.03036200000000001,0.10226915727054109,0.9073119999999999,0.003915874404809618,-0.185428,0.004894060937875751,125.37433333333331,224.59900000000002,83736.97225833332,39651.58002899999,453.65599999999995,0.7749979999999997,111.13109749298197,0.2419559999999999,346.3508440742125,5.738426,460.6418559123487,1125.8966666666665,6674.883333333334,2297122.239410333,4734623.536200334,8119.213
17,6,While sitting (Moving chair),0.23798399999999997,0.005116629002004007,0.9329279999999999,0.0012437863887775542,-0.1238,0.006836296593186373,174.51866666666663,216.04999999999998,72104.53715733334,47862.87415599998,466.46399999999994,-3.2545040000000003,77.1849069558958,-4.80731,541.7202668676352,1.3634199999999996,143.23467129018036,-1116.3990000000001,4963.359666666667,2575597.386513,4398446.384676333,7306.347
17,6,While sitting (Moving chair),0.16393800000000003,0.022859917991983968,0.92703,0.0017915201402805604,-0.149014,0.020136811426853706,156.99233333333333,211.66633333333334,76588.29352933331,47695.024201333326,463.515,-1.4294000000000004,112.49741783166331,-26.890112000000002,2386.8006987730023,6.4428,210.92493502605208,-3646.118666666667,8135.793999999999,75887600.44944534,30280633.390923996,14339.444
17,6,While sitting (Moving chair),0.05631200000000001,0.014539593843687377,0.9233320000000002,0.0021252963687374738,-0.259824,0.01572700303006012,119.97000000000003,216.15600000000003,93813.49046800002,46539.42319600001,461.66600000000005,1.6608420000000006,116.50109859021642,-19.597308,2298.4754779610585,4.637936,212.84785523838076,-2216.4216666666666,7179.352333333333,43671628.41028633,14361854.342300337,11385.852
17,6,While sitting (Moving chair),0.0465,0.0165734128256513,0.92993,0.0013418287575150292,-0.25648000000000004,0.007471204008016032,119.99166666666667,216.83700000000002,94992.25555833335,47433.536377000004,464.96500000000003,-0.6104900000000001,86.97911488767534,-26.050381999999995,1492.9468178838438,8.897566,273.02397626617636,-2960.5509999999995,8462.625,81622929.30339596,30560279.59387199,14493.972999999998
17,6,While sitting (Moving chair),0.010279999999999997,0.03897198156312626,0.93709,0.0014891562124248487,-0.096574,0.034996886296593185,141.79933333333335,212.09733333333335,80785.65909633334,49338.248360333346,468.545,-3.033166,235.24831210264935,-37.875738,1524.901322285928,6.047088,510.0201117798157,-5810.302666666666,12109.491333333333,134402936.6710823,62479752.87632232,21034.085
19,8,Standing,-0.046622,0.05373783077755511,0.944472,0.0015322016192384766,-0.09555200000000001,0.0013318750460921843,133.71633333333332,204.7976666666667,86096.30759633334,54185.35990233332,472.236,-2.20693,19.72162544799599,10.539524000000002,363.9223072759759,-8.277674,449.8124774025291,9.153333333333649,5668.588000000001,23058873.452452336,11033931.261733005,8588.544000000002
19,8,Standing,-0.077156,0.004041939543086172,0.969428,0.00012056594789579172,-0.08780000000000002,0.0007558757515030059,134.07866666666666,189.06466666666668,92215.93365733333,65563.48246933332,484.714,-1.3080439999999998,10.270496771607213,14.099527999999998,238.95526071865328,1.280114,17.367921920845692,2345.266333333333,3571.949,17017883.836314328,14087451.037142996,7904.639999999999
19,8,Standing,-0.03402,0.0004663603206412826,0.9737059999999998,0.00022473703807615234,-0.08872,0.003024839278557114,141.82766666666666,183.515,89468.8661063333,69202.55628299998,486.85299999999995,0.19497799999999993,33.04654505562725,-17.582932,1546.1348337388538,2.84632,29.813441576753505,-2423.605666666667,4898.776999999999,30851584.81869034,30915058.928750996,11319.032
19,8,Standing,-0.014194,0.0008968220080160321,0.97859,0.0002966992985971945,-0.04029599999999999,0.00566153545490982,154.01666666666665,176.87466666666663,84351.25275233331,73264.10001633332,489.29499999999996,0.45561,40.94042838667334,-27.309894,1402.5422085438518,3.50634,29.754486076553107,-3891.324,6231.534666666666,72077935.160403,52301955.65029434,14582.129
19,8,Standing,0.00715,0.0002928852705410821,0.9827400000000001,6.944328657314635e-05,-0.012874,0.0009107195631262525,162.83599999999998,170.63533333333334,80976.00190300001,77162.26817033334,491.37,1.2506300000000001,9.356661327755512,0.2429260000000004,517.58102623299,0.2779440000000002,6.438494501867735,295.2500000000001,3721.4753333333333,81783.81943899997,21723009.01433433,9102.917
19,8,Standing,-0.11961399999999997,0.043132225454909814,0.9462780000000001,0.00406252576753507,-0.05388,0.0006754124248496993,128.79733333333334,189.308,89198.44747433334,60838.332177000004,473.139,1.00269,6.630307332565129,10.795849999999998,116.6029986007014,-7.733312,155.4005998503567,677.5379999999999,3543.622,21481398.256326996,5439926.770725,5652.347
19,8,Standing,-0.3920640000000001,0.0461633225490982,0.862794,0.0052470496633266524,-0.06542999999999999,0.0001975802605210421,67.54999999999998,220.7566666666667,105956.590179,40119.859082333336,431.397,-0.7761120000000001,8.70915448442485,3.7651120000000002,46.734517474404804,-6.91646,167.33713608056112,-654.5766666666667,2385.788,7184273.723769333,1929527.065804,3847.79
19,8,Standing,-0.39033000000000007,0.03482952414829659,0.8651679999999999,0.003931887551102203,-0.09555,0.002389061623246493,63.21466666666664,225.17466666666667,107756.23133033332,37694.92669033332,432.58399999999995,-3.8842760000000007,12.779596801426854,14.608528,189.99569897516633,3.493818,33.709925179234475,2369.6783333333333,3835.7090000000003,21664868.71830634,9500995.597399002,7393.4220000000005
19,8,Standing,-0.105152,0.03479644177955911,0.942366,0.0020728176793587175,-0.12807,0.0014535642284569138,118.19066666666667,202.5733333333333,93485.51771433333,54131.28729233335,471.183,-1.9274240000000005,32.08979254531463,26.010604,79.4275750332505,2.6817079999999995,45.291332527791575,4460.814666666666,6022.158666666666,56083953.95420935,36574930.332049325,13005.302
19,8,Standing,0.079942,0.002650299234468938,0.959058,0.00022760584769539088,-0.16336,0.00218639118236473,145.94,200.95733333333337,87160.95714099999,58601.97017433332,479.529,0.7919820000000002,16.531815941559117,9.808179999999998,324.34125051663324,0.131846,10.896721288861725,1788.6679999999997,3705.6606666666667,7306626.899718998,16077981.800610328,8326.637999999999
19,8,Standing,0.07418000000000001,0.002974187975951904,0.959812,0.00017084634869739488,-0.159222,0.0027621730621242486,145.795,199.05166666666665,87127.40109099999,59599.80059633333,479.906,-1.20252,13.231378462525049,-15.131580000000001,153.55762294949898,2.0449339999999996,6.087210819282565,-2381.5276666666673,3548.6783333333337,20816554.298246343,15736477.91707634,8127.738000000001
19,8,Standing,0.15127800000000002,0.020517327370741478,0.953898,0.00047561883366733354,-0.105822,0.001042848012024048,166.559,202.01566666666668,76387.7397,56826.69637733334,476.949,-2.79815,18.266464011523045,-19.767194,143.9914924212064,6.21113,47.54967569649298,-2725.702333333333,5002.512999999999,43499537.426721334,18571716.249551997,9924.085
19,8,Standing,0.168792,0.021873231198396792,0.9509259999999999,0.0005085055350701392,-0.103618,0.0020288978717434873,169.35,206.68399999999997,74916.82708299998,54601.268841,475.46299999999997,-3.40086,27.769356264929854,-32.142322,671.8151988239638,5.892436000000001,161.71921182956314,-4941.791,8114.922333333333,98294991.856651,50661231.94507433,16111.649
19,8,Standing,0.071632,0.00619887833266533,0.970748,0.00020827705010020045,-0.082152,0.0027271592144288577,160.038,190.23533333333333,80860.72958800002,65332.477577333346,485.374,-1.208558,24.48715126917435,-24.121834,948.151651761968,0.7138899999999997,122.40915117224449,-4102.750333333333,6424.461,47730300.41537733,40244009.960931994,13656.903
19,8,Standing,0.189506,0.02776370938276553,0.950056,0.0021642573787575142,-0.059629999999999996,0.004933552204408818,179.98866666666672,200.4006666666667,69165.45281633333,57567.86471633335,475.028,3.3753599999999997,61.877479894188376,23.90951,2658.9805012203406,0.3792660000000005,389.1845014260962,4610.689333333334,6615.3746666666675,41012511.590786345,31615542.759826336,13026.467
19,8,Standing,0.252576,0.03132357938276553,0.935246,0.0021827790420841675,-0.057696,0.004977578741482966,188.35433333333336,208.11366666666666,64510.035760333325,52806.009606333326,467.623,6.2897479999999995,60.980328397290585,33.974416000000005,2322.0058794257957,-4.611352000000001,514.2825070061082,5942.1353333333345,9037.026,98922346.48458534,49311082.08686802,16987.208000000002
19,8,Standing,0.16320199999999999,0.016274101398797595,0.9596979999999999,0.0008067282525050091,-0.06382,0.0005915186372745491,176.51333333333335,197.79733333333334,72230.58178433332,60281.361072333326,479.849,3.539372,19.716499624865733,10.284194,216.43391117872144,-4.313338000000001,145.7701931741042,1585.0379999999998,4243.637333333333,13343567.443617003,6868128.960490334,7127.955
19,8,Standing,0.143988,0.003914617090180361,0.9673359999999999,0.00015368647695390792,-0.07260999999999998,0.00031905200400801604,173.119,197.3223333333333,75262.67940099999,61813.806794333315,483.66799999999995,-2.12842,11.660939498597195,-14.972065999999998,381.1885643062565,3.95987,67.84497909529058,-2190.102666666666,4462.754,23351863.266896334,16942877.304606993,9166.904999999999
19,8,Standing,0.183214,0.0029022687414829657,0.9607559999999998,0.0001285335310621243,-0.08116,0.0004025194388777555,177.13499999999996,204.1883333333333,73335.58852899997,57861.48766233331,480.37799999999993,-1.9461079999999997,15.84052791216032,-15.136117999999998,511.3471190702164,1.9729540000000008,82.26250486561524,-2518.2119999999995,5298.9839999999995,20085656.477546997,26397338.210112993,11206.592999999999
19,8,Standing,0.16572800000000001,0.0015149879919839678,0.960794,0.00011271298997995993,-0.10825400000000002,0.00043944036472945896,169.71133333333333,205.79599999999996,77085.82112433332,56760.735692999995,480.397,1.827072,7.841334227270541,6.915342000000001,303.5850291593547,-2.183402,21.55997232103807,1093.1686666666667,3695.979333333333,5198397.319796334,12674535.454520332,7797.317
19,8,Standing,0.145068,0.00046617171943887775,0.961582,0.00020687703006012,-0.12447,0.00029924759519038075,163.6966666666667,205.1866666666667,79952.28301433334,56994.82876433334,480.791,2.1974839999999998,6.0854506029499005,12.55999,142.40307273136273,-2.0878200000000002,29.242222031663328,2111.6090000000004,3274.710333333334,14179320.782023003,8993838.588990334,6706.569
19,8,Standing,0.14214,0.002854681763527054,0.961734,0.00025075675751502985,-0.120904,0.00044968615631262526,163.8283333333333,204.12966666666662,79709.64624233333,57465.849226333325,480.86699999999996,1.2913579999999998,13.465924033903809,9.704768,482.6169894811382,-0.8637819999999996,118.56320193434469,1688.7240000000002,4525.767999999999,7796847.722925,14448979.277070997,8725.297999999999
19,8,Standing,0.14920800000000004,0.0030866139639278557,0.9606979999999999,0.00014690460521042084,-0.12051400000000001,0.0003728314669338678,164.89866666666666,205.07000000000002,79178.55693033333,56885.354983000005,480.349,-0.13833400000000007,12.36281743331062,-0.9427800000000006,516.8707353422845,0.313794,98.22462595146693,-127.88666666666677,4248.5886666666665,101272.13803233346,15334262.130654331,8678.962
19,8,Standing,0.181582,0.0020508970701402806,0.956492,0.0002697574509018034,-0.118244,0.00024643733867735473,169.97166666666666,209.38633333333334,76893.27533633332,54464.87166033332,478.246,-2.6430700000000003,7.674113848797594,-17.543998,67.93149093987574,3.6353519999999997,50.297591126348706,-2758.6193333333335,4115.695333333333,29584212.687240332,16356004.717950333,8771.999
19,8,Standing,0.148012,0.010946120096192386,0.957102,0.0006594344649298597,-0.11173,0.0006008788577154309,165.564,204.64333333333332,77687.26578699998,56408.87619433333,478.551,-3.600352,7.058257919935872,-27.140828000000003,146.6425950685531,2.622304,100.09771265288978,-4686.479333333334,6369.1179999999995,61613311.85209735,39592847.24449601,13570.414
19,8,Standing,0.12078399999999999,0.008393608561122244,0.966536,0.0006198964969939882,-0.07606399999999999,0.002607286476953908,168.54266666666666,195.88666666666666,76710.84752533332,62128.82267733333,483.268,-2.2434980000000007,28.722919352701403,-22.94291,1003.5915967554108,1.9645220000000003,99.62032857065732,-3870.3143333333333,7125.731666666667,44439719.09586533,52067666.31934534,15401.583
19,8,Standing,0.20103400000000005,0.004797291426853706,0.96132,0.00041145651302605196,-0.04571000000000001,0.0009370079158316634,186.10733333333334,201.49733333333336,68876.1176763333,59938.88304633332,480.65999999999997,3.743554,57.38783353816033,7.157558,1397.5504242351062,2.2540380000000004,74.03186731919438,2192.525,7302.364333333334,1579941.2340279997,49041778.67233732,15383.048999999999
20,9,Walking,0.49185199999999996,0.07269825460521043,0.804946,0.018245001086172344,-0.08942399999999998,0.012832220665330662,201.229,236.68566666666666,51491.972412999996,29662.655296333334,402.473,0.7668339999999996,260.42740025896194,-0.07111200000000008,178.47819833212023,-8.630242,266.596434031499,-1322.42,6365.503333333334,6761079.050233,382085.52260233276,6803.656999999999
20,9,Walking,0.13696200000000003,0.07790359574749499,0.921892,0.020517799935871744,-0.10967999999999999,0.011578378356713426,158.19566666666668,207.44833333333335,72545.34051033334,48559.36981033334,460.946,-0.18304200000000004,177.23002321867335,-2.3882820000000002,156.79068003053706,-7.015473999999998,344.6797713119479,-1597.7996666666666,6195.208333333333,3039838.1790453317,1084535.6595453334,7343.112999999999
20,9,Walking,-0.014518000000000005,0.004807468613226453,0.967606,0.015626291346693386,-0.11674,0.010679058517034068,139.39133333333334,190.39066666666668,89617.63068233333,64897.72019433333,483.803,0.52791,123.84326002995994,-1.987794,136.369137209984,2.148314,154.79190017976353,114.7383333333333,4863.117,1085911.0469373334,1113.9211480000085,4888.291
20,9,Walking,0.046166,0.002513052549098196,0.967996,0.012765927839679357,-0.119816,0.008408002148296592,149.05766666666668,191.13633333333334,85860.64669033333,64609.29990833334,483.998,0.14121400000000003,94.79904932284971,-1.608906,118.3077611915471,0.7601540000000003,87.49068590208819,-117.92299999999994,4126.422333333333,377435.50090000004,135410.46468933334,4507.983
20,9,Walking,0.15957,0.01930632975951904,0.9484300000000001,0.012134013126252504,-0.13892600000000002,0.00974753158717435,161.51233333333332,209.28233333333336,78905.95968133333,52654.95560133335,474.21500000000003,-1.0380339999999997,172.83065080645693,0.4736560000000002,260.7797475407455,0.5033119999999998,264.5898353613788,-10.177666666666616,5883.762333333333,194243.06775633324,83292.61325833325,6167.1939999999995
20,9,Walking,0.127998,0.02613372945490982,0.954292,0.01165445564729459,-0.11747599999999998,0.011225396216432865,160.80233333333334,204.697,78821.07937233333,55679.744502999994,477.146,-0.939252,175.95421671392384,-0.6160979999999999,232.3731011987936,-0.22851199999999972,260.362793336529,-297.3103333333333,5733.539666666667,31658.448446333357,29779.475320333237,5908.67
20,9,Walking,0.021634,0.0022382645731462924,0.97691,0.012250867635270541,-0.095074,0.00892499050501002,150.57833333333335,187.283,86471.77873733334,68325.16526400001,488.455,1.0682960000000001,130.7297372067976,-0.8423179999999998,198.39733829747092,0.07770799999999986,74.22366720113828,50.614333333333356,4804.672333333333,228256.59514233327,1092456.6975223334,5684.567
20,9,Walking,0.048434,0.0021123303046092184,0.967292,0.011530139014028057,-0.11057399999999998,0.008536569663326655,150.85866666666666,189.698,84640.77842433333,65065.830069,483.646,1.5210899999999998,122.6555366992986,-0.14255600000000007,268.9856198826293,2.241468,105.32503462222044,603.3336666666665,5410.609666666666,373759.7045323333,2088632.1838203343,7017.866
20,9,Walking,0.047716,0.003970804953907815,0.968844,0.007833157979959919,-0.10143600000000001,0.007866883671342684,152.52066666666667,191.45466666666667,84009.26624533335,64502.65036933335,484.422,1.0865879999999999,100.17881154133867,30.615021999999996,1784.3519884383927,-6.833048000000002,220.37589913596793,4144.760333333333,9686.550333333333,97375291.48290634,60343597.3818523,18561.538999999997
20,9,Walking,0.208542,0.05780385193987977,0.932412,0.013112691639278558,-0.07114000000000001,0.012439391182364729,178.3023333333333,212.80700000000002,67055.26728033334,49089.851863,466.206,2.188172,311.3659839944048,38.388920000000006,1580.8721459054107,-1.5584159999999994,798.9883591933306,6503.112666666668,12857.742,121680030.45408937,64427090.02663602,22009.458000000002
20,9,Walking,0.4835139999999999,0.03904347274949901,0.843884,0.018537886316633268,-0.07484200000000002,0.015295251539078158,208.7593333333333,242.62866666666665,53570.22594633333,32607.497658333334,421.942,2.9169400000000003,429.2887850745491,6.635246,515.3768337770381,7.326696,617.388194452489,2813.1470000000004,8666.477,1406243.7746529998,963883.6694530004,9692.129
20,9,Walking,0.583802,0.01427187454509018,0.791322,0.017978338993987975,-0.10003800000000002,0.01445685827254509,212.51433333333333,251.38433333333333,54384.34773333333,28302.96643333333,395.661,0.03645399999999972,439.69776445679764,-2.699018,352.481899404485,0.9775439999999999,213.56522097802002,-280.83666666666676,7295.342666666666,911898.5662803333,2168238.721424332,8509.201
20,9,Walking,0.5916480000000001,0.01690648105811623,0.784374,0.017904182488977956,-0.07894,0.014974898196392784,216.18033333333332,249.54366666666667,51339.27664233334,29090.57081233334,392.187,-1.5858639999999997,487.43433357665737,-1.3041439999999997,377.4008238910461,1.7018339999999998,208.29661561367132,-198.029,7700.103666666667,830176.1680869998,3114898.872934333,9217.196
20,9,Walking,0.6108199999999999,0.016856516633266535,0.7889259999999999,0.018320738,-0.047436000000000006,0.014078811527054109,225.385,250.73699999999997,48521.837659,31504.231602999993,394.46299999999997,-0.4671839999999998,399.4856955332104,0.85696,307.5710834533066,1.8864820000000002,95.14838282332265,379.3763333333334,6514.090333333334,348042.3550323333,4556170.573554332,7956.165999999999
20,9,Walking,0.596094,0.015468137438877755,0.795414,0.016505253110220438,-0.054866,0.012978388821643289,222.77366666666668,249.059,49435.560933333334,31778.020272,397.707,0.019395999999999504,325.12492510539477,0.011830000000000382,301.4065872636273,0.016601999999999974,95.31499872905411,7.97133333333331,6161.9946666666665,3.6592823333325075,3772421.3206003336,7406.037
20,9,Walking,0.551416,0.016098343631262526,0.807644,0.015761043350701404,-0.107292,0.01974383841282565,208.62800000000001,248.58466666666666,55694.037555999996,29044.85880933333,403.822,-0.2218400000000001,562.7869238340683,-2.4706119999999987,3614.714863247952,0.8822080000000001,138.57096527127854,-301.7073333333331,10104.354000000001,729887.4769453327,34450472.70140401,16392.384000000002
20,9,Walking,0.44577,0.05574778066132264,0.8486419999999999,0.024303957751503007,-0.131268,0.021706332841683367,193.8573333333333,242.52133333333327,60645.92958033332,30393.781130333333,424.32099999999997,-0.008164000000000044,579.557955411928,-0.9709639999999999,3741.09907353778,-5.9847660000000005,350.7358714301042,-1160.6490000000001,11408.987000000001,2574373.5750670005,31970216.417750996,17812.196
20,9,Walking,0.156162,0.08061608793186373,0.920876,0.031679948521042084,-0.10021599999999999,0.02012159252905812,162.80366666666666,213.13700000000003,70547.75221433332,46251.499501,460.438,-0.5619339999999998,304.3362912361162,7.697554,1459.1479917385611,-8.152952,345.3828861660281,-169.55533333333355,8847.033333333333,15711718.198104337,8412570.200722333,12194.017
20,9,Walking,-0.030752,0.003909601699398798,0.965538,0.030780806168336672,-0.09863399999999999,0.018166040124248495,139.35866666666666,191.95466666666667,88735.99065033335,63797.662296333336,482.769,-0.5297419999999999,229.07779244031667,-7.166961999999997,2198.21638926709,2.0619319999999997,213.54547775889378,-939.1286666666662,9117.783333333333,5664247.829746329,32581683.778580327,15642.860999999999
20,9,Walking,0.020616,0.008485748040080161,0.969698,0.03108521322244489,-0.12867,0.015892770641282562,143.60733333333334,197.056,88727.30066433334,62441.008117000005,484.849,-0.4220660000000002,204.37925613391184,-11.707192,990.4008728568498,3.23082,228.55517149058116,-1483.073,8007.784333333333,15160076.978208996,11721466.29645034,11960.914
20,9,Walking,0.27812200000000004,0.07086602316232465,0.898544,0.0325769058757515,-0.09042599999999999,0.020142609743486976,181.04,221.10533333333333,62450.53113699999,40772.83632233333,449.272,0.5565820000000001,311.9501917026813,5.813424000000001,373.5437642807856,6.201922000000001,303.41008954701005,2095.3213333333338,7798.542,2485632.5926903337,366605.8990229991,8460.248
20,9,Walking,0.5671980000000001,0.024767746288577155,0.800904,0.017139750284569134,-0.027219999999999998,0.016340200000000003,223.48033333333333,245.79833333333332,45572.52552233334,31192.658716333335,400.452,20.34633,895.5782680812625,27.011947999999997,1328.4380126185333,1.8758499999999994,352.7761398992986,8205.687999999998,12893.374666666665,42392188.22574699,24212724.439674333,17179.144
20,9,Walking,0.523358,0.035222069975951904,0.8346399999999998,0.02256433507014028,-0.034552,0.01580643216032064,220.57433333333333,244.3416666666666,48485.61602033333,33221.06995433332,417.31999999999994,22.00438,852.9930276388777,27.527808,1239.5319822636634,-7.0697519999999985,830.8314198421804,7077.072666666667,13181.136666666667,86366856.93242534,10892084.50582533,16036.336
20,9,Walking,0.422308,0.02462914342284569,0.890914,0.02362126914228457,-0.065532,0.014880313603206413,207.94833333333335,237.27166666666665,57182.01665633333,38585.95038633333,445.457,2.785106,368.67173920918236,1.9241699999999997,486.8625190632264,-3.1965879999999998,941.4814820383327,252.1146666666667,8775.733333333334,2614334.8500123327,1528382.9603363324,9966.714
21,10,Running,0.3035039999999999,0.18623094787975952,0.8959380000000001,0.8568444310180361,-0.08907999999999999,0.07209673907815631,185.06033333333335,258.09099999999995,61473.36257233335,37294.262787,476.313,-3.5007339999999996,758.0547180593627,-1.490732,4297.9618330582925,-10.811086,3175.7882735617272,-2633.7586666666666,19022.741333333335,6014598.045384333,56812560.91439232,24634.625999999997
21,10,Running,0.16332799999999997,0.13058891825250502,0.938778,1.1351734596352705,-0.092738,0.07008152039679358,168.22799999999998,244.98533333333333,72121.57321300001,50066.73706633334,503.193,6.998783999999999,997.1164833921281,14.687684000000003,4518.111542938021,3.3129220000000004,1829.0301642283728,4166.565,17612.987666666668,8420415.518737003,45365855.14669435,25159.936
21,10,Running,0.37274599999999997,0.2496683101042084,0.8602960000000001,0.8769816717274551,-0.057528,0.08899931584769538,195.91899999999998,263.92833333333334,52718.400523000004,30931.685758333337,459.11,19.178038,1955.873092770096,29.943651999999993,3906.372075465828,-0.9723299999999999,2864.221218249599,8024.8933333333325,20416.24133333333,61572238.26486431,23662070.423466325,25949.384
21,10,Running,0.477356,0.23580102331062122,0.83254,0.7951536957915831,-0.05270400000000001,0.09034790018436874,209.532,271.69599999999997,49615.675707999995,25964.948428000003,441.202,10.779748,2013.4225887780522,18.409769999999998,4007.1784666423846,-8.165374,3714.4767993488217,3504.0239999999994,21153.248000000003,46807215.08067099,21971348.89308101,25132.923000000003
21,10,Running,0.466072,0.23633171023647292,0.8640699999999999,0.9360911874749499,-0.083056,0.06379580447294589,207.84766666666664,270.4376666666667,56541.31784433332,31739.91398033334,458.749,1.023646,1086.9302163293426,-1.5681479999999999,2856.5228395612185,-3.55476,2081.781763910221,-683.2103333333333,17075.523,1317742.7032423331,20619881.965303008,21509.934
21,10,Running,0.29658999999999996,0.2208188355711423,0.911858,1.0737867312985971,-0.09056600000000001,0.07774017800000001,186.31366666666665,261.11499999999995,63887.43149733331,39822.41527599999,487.97499999999997,1.356328,971.4992801406975,-2.8582799999999997,4018.1032071398795,-3.771721999999999,1573.2911907943046,-878.9456666666665,16548.091666666667,1870591.403480333,44831979.23913435,24093.654000000002
21,10,Running,0.24767000000000003,0.18153999308617233,0.937504,1.1076358015871743,-0.125024,0.08446777898196392,176.6916666666667,261.13566666666674,72655.72983233334,44188.171896333355,503.0680000000001,10.610131999999998,1243.258041012601,12.711832000000001,5455.878664224224,-3.961714000000001,1672.9319965252546,3226.7083333333335,18317.073,20615123.956326336,68073062.80920103,27821.278000000002
21,10,Running,0.5006799999999999,0.2816656529058116,0.82918,0.8048636228456914,-0.10683799999999999,0.09390913001603207,203.83700000000002,277.0403333333333,56380.00277700001,25627.987782333326,444.722,23.326232000000005,2215.3419857697154,24.643520000000002,4328.488876498597,-10.077792,2380.118971199134,6315.326666666668,20721.259333333335,96797232.25286937,22134089.902401324,26128.48
21,10,Running,0.47175,0.2769875706412826,0.8338840000000001,0.8263509564569139,-0.075144,0.07782971068537074,205.08166666666668,269.1116666666667,52356.91608233334,28752.90385833333,446.49,12.190987999999999,1994.465410877611,12.87939,3269.255687781463,-14.617206000000001,2576.3683163763167,1742.195333333333,19250.816666666666,61467331.43510234,11458593.238756327,22716.040999999997
21,10,Running,0.16748400000000002,0.1663675528496994,0.946462,1.1688651187935872,-0.096858,0.05480572528657315,169.51466666666667,247.42733333333334,73550.00166033332,52569.04380833335,511.009,-0.165606,651.4901270328297,1.0021920000000006,2841.2000299029423,-4.773555999999999,1381.431760111086,-656.1616666666665,14670.061666666666,2331509.1804503333,29874370.087046333,20682.444
21,10,Running,0.039074000000000025,0.10899291836072146,0.959462,1.2678414554669342,-0.09187000000000001,0.05693442595190381,151.11100000000002,235.76566666666668,82064.973996,61470.97697733334,522.047,4.14207,783.9700092916834,1.2779080000000003,2505.0534950977312,8.874868000000001,1502.6033952570901,2382.4743333333336,14163.007,3679858.4213603335,19076775.756380986,18828.237999999998
21,10,Running,0.35233800000000004,0.3029941801162324,0.862164,0.9826063377795593,-0.045918,0.07806403133867736,194.764,261.2606666666667,51797.63793899999,34051.75421433334,465.25800000000004,20.089273999999996,2435.3486339067376,24.999732000000005,4034.4093343809377,5.242934,3137.628881873391,8388.656666666668,21987.43866666667,26452394.849090338,19092164.87164235,26999.632000000005
21,10,Running,0.551164,0.31165525561523044,0.8172539999999999,0.7446468070981964,-0.03797800000000001,0.08449715181963928,221.73999999999998,280.00066666666663,47888.08158699999,26368.44478233334,436.487,19.334889999999998,2536.0997091682366,26.823518,3739.6238031118996,-11.617057999999998,4300.8381900507375,5756.891666666666,23585.591666666664,103824188.23036931,11612427.269529339,26780.435
21,10,Running,0.47064599999999995,0.24425785639679362,0.86679,0.8583282624248498,-0.059868,0.06218488434468937,212.928,271.562,54044.59257899999,33145.644823,462.695,3.5430460000000004,1212.180043298481,3.5086459999999997,2463.514871868421,-8.029505999999998,3722.5917058737114,-162.96899999999974,18875.609666666667,11127253.946991999,22957097.18568533,22760.599000000002
21,10,Running,0.369172,0.19604829901402804,0.881724,1.0001499397034068,-0.091848,0.06924376843286573,193.17466666666667,262.0133333333334,59295.47634533333,35360.42454933334,471.38,-1.0061099999999996,1053.8985128475952,-4.622942,2389.0886181509372,-6.991110000000001,2074.3388848676354,-2103.3603333333335,16812.418999999998,2271246.599685334,14317397.336892014,20086.581000000002
21,10,Running,0.29979400000000006,0.19799072100601203,0.8959560000000001,1.0647464028697398,-0.09206,0.07659109458917834,183.94833333333338,258.543,61880.59599233334,38543.91792699999,482.03,-3.8313539999999997,995.2630228624089,-1.4058580000000007,3062.027287689214,-5.876124000000001,2244.6461067381,-1852.2226666666668,17244.939333333332,1251974.7212363333,18650024.494754333,21567.797
21,10,Running,0.453718,0.2627116217194389,0.875908,0.8921841959278557,-0.069972,0.07851989901402806,209.94233333333332,275.1396666666667,56132.69110833334,30865.43820233334,463.67600000000004,18.502552,2145.359836299896,28.820122,3873.7005229129422,2.432552000000001,2315.3288282277517,8292.537666666667,21807.743666666665,44208375.05040833,25360340.312976338,27491.883
21,10,Running,0.566802,0.26221408696993986,0.814468,0.7554810310380762,-0.07784,0.09268084008016032,217.23833333333334,284.36966666666666,53046.47177433333,24158.910944333336,435.36400000000003,22.611586,2350.7587711849737,24.837184,3289.1059985552542,-8.549292000000001,2879.337693397531,6483.2463333333335,22729.513000000003,87108765.99529433,3999083.7132969936,25026.402
21,10,Running,0.35766800000000004,0.2016283264288577,0.860692,0.994355784705411,-0.09170999999999999,0.0940027754509018,187.775,264.73833333333334,56751.804211,33047.136180333335,470.058,3.582934,1399.090390186016,-0.7748739999999998,2721.4930091083406,-8.996486,2925.612576903611,-1031.4043333333336,18717.338999999996,10201133.415825333,11367482.085444003,20965.067
21,10,Running,0.26071,0.15251094779559118,0.931028,1.1140804320801605,-0.08340799999999998,0.07926380113827655,184.7216666666667,260.49033333333335,66534.32571433333,45822.53825633334,506.49,-0.28317800000000054,1210.0996016496151,-0.40851799999999855,4018.6321709796352,-2.641090000000001,2409.433170895691,-555.4643333333333,18694.862333333334,439993.20210533385,28103572.50669734,24085.489
21,10,Running,0.12118800000000002,0.13384686638877755,0.9529780000000001,1.253127111739479,-0.08349600000000001,0.07091163725851703,165.1116666666667,248.2056666666667,75335.35402633336,54920.54352633332,518.707,-1.2145259999999998,1006.9306222137516,-2.165238,2895.538842802962,-4.911816,1776.0403340823086,-1381.93,15566.000666666667,921562.390047,11979626.725258332,19050.679
21,10,Running,0.15397199999999997,0.1418230573306613,0.948468,1.1026298687134268,-0.051766,0.06179179483366734,175.11233333333334,242.05099999999996,69750.83639233334,51153.47988100002,502.36,10.421704,961.5349984613066,29.07502,3649.804723743086,4.557444,1021.3915581591824,7342.361333333333,16052.765999999998,40976969.83580132,41113220.04067599,23456.656
21,10,Running,0.450274,0.19943207908216432,0.861452,0.7389352582124249,-0.033128,0.06579868498597195,213.0996666666667,266.50966666666665,50125.75907033333,32019.444292333326,458.32,10.614999999999998,1634.572041671343,32.933175999999996,5876.932542177378,-6.097802,5102.154328736269,6241.728999999999,24391.038333333334,95868165.595611,81800742.26556239,33964.878000000004
21,10,Running,0.3387,0.24438124849699394,0.8553240000000001,0.9356658707655311,-0.101446,0.07669963836072145,182.09633333333338,266.567,57334.90381633334,32135.314669000007,466.22,0.3431560000000002,1841.6108956229098,-5.103911999999999,4879.095377246749,-3.499511999999998,5854.70099450687,-1376.7113333333327,23306.669333333335,1958781.1047853327,40364148.070577316,27526.708
21,10,Running,0.24340600000000004,0.1887552797234469,0.91082,1.1034704124248498,-0.10592,0.05907955671342685,174.71766666666664,254.683,66717.93038633332,42130.677469,489.026,-0.9312259999999999,1459.860450503932,-4.829258000000002,4497.630931446329,5.099976,3099.9475586968174,-110.08466666666693,20229.307333333334,6256655.786024334,34085465.907402344,25650.241
21,10,Running,0.374356,0.2147416285210421,0.879058,0.9939132611583166,-0.084214,0.06533596413226453,194.86666666666667,261.53866666666664,58037.64582033333,35374.457132333344,471.369,7.362685999999999,1218.8699321036113,9.417322,5156.48772127687,-5.64186,3734.5460449302605,1856.3579999999995,21215.953333333335,16671612.844488999,56845362.28890032,28416.943
21,10,Running,0.49369999999999997,0.25008925250500996,0.7870539999999999,0.7756499950741484,-0.09744799999999999,0.07858875280160321,197.21766666666664,266.33033333333333,50744.01313433333,24624.451522333336,425.26500000000004,24.777673999999998,2151.6995685247734,29.273784,5579.969598157659,-7.993546000000002,5147.3890431101045,7676.318666666666,25146.692,103459239.61455834,32861600.48536901,30697.260000000002
21,10,Running,0.5755260000000001,0.19184896725851702,0.7710419999999999,0.6201481886132264,-0.12591599999999997,0.06744709112625251,203.442,270.74733333333336,55615.87664099999,23540.12267433333,412.209,15.413032000000001,2682.6152658426618,21.931943999999998,4682.646618529924,-7.942436000000001,4075.083834158221,4900.423333333333,23555.105333333337,61685528.31446533,12476370.035077333,27479.272
22,11,Taking stairs,0.49056600000000006,0.04865788140681362,0.839288,0.0922432956472946,-0.08114400000000001,0.013044063390781563,208.11833333333334,239.157,53985.601000333336,33718.748407,419.644,5.45621,540.9225750239478,7.951098,810.3782834312584,-7.815118,560.9902502846452,932.0316666666664,9210.244333333334,17955257.498949334,1216713.3265013332,9886.347
22,11,Taking stairs,0.411024,0.03542947036472945,0.888202,0.06928675470541082,-0.076808,0.013486243623246495,203.73633333333336,234.72566666666668,58205.13350033334,38574.84733233333,444.101,7.822794,511.7669736909459,19.741592,1202.9584811959278,-3.834749999999999,584.14923876503,3954.9393333333333,11119.449999999997,34741665.83240433,12426976.356810996,15055.055999999999
22,11,Taking stairs,0.375514,0.028170422649298598,0.9184640000000001,0.06274885040480961,-0.02795799999999999,0.010632012260521042,211.00333333333333,228.73133333333337,56387.45664033334,45364.84217633334,459.232,2.170728,263.85179747697,11.13465,914.4448434383767,-1.1322100000000002,553.2438709277556,2028.8613333333333,9468.372666666668,10072381.304730337,10047017.455914332,12442.681
22,11,Taking stairs,0.34759400000000007,0.02521164044488978,0.924326,0.06777081735871743,-0.017934,0.011316121887775551,208.99766666666667,226.43633333333335,56420.18442533334,45929.46620933333,462.163,4.789383999999999,334.88605574002406,11.086110000000001,634.6408731882766,2.8423040000000004,483.8342532540921,3119.633,8915.897666666666,4641675.675463,4881223.327296332,11240.009
22,11,Taking stairs,0.39703400000000005,0.07829946777955911,0.861104,0.06556563645691382,-0.029804,0.010249159903807616,204.7223333333333,226.263,49636.19615033333,37874.868446999986,430.55199999999996,5.487049999999999,350.0813790375752,15.688908,740.1398232139638,-6.022686,817.085958564533,2525.545333333333,10490.836666666666,29497718.47761233,6334641.005008333,12358.48
22,11,Taking stairs,0.39282999999999996,0.10923459028056111,0.86342,0.07794750260521041,-0.029679999999999998,0.005470943486973948,204.4283333333333,224.499,49899.88575833333,40080.547731,431.71,0.7976680000000002,232.44362202983567,-0.39463400000000093,648.3700344489417,-3.5425739999999997,992.1464630546334,-523.2566666666668,9328.134666666667,1257033.788390333,11968064.80538233,12879.585
22,11,Taking stairs,0.25348400000000004,0.06061125625651303,0.93835,0.07019877304609218,-0.05383800000000001,0.005187158072144288,189.66600000000003,213.22799999999998,64496.886541000014,51439.635829,469.175,2.951458,181.9307642807976,3.076464,478.1608100768578,0.13669400000000043,649.1718719081803,1027.4360000000001,7955.494,690865.4386929998,4987216.274142997,9790.925
22,11,Taking stairs,-0.041068,0.06214925388376753,0.946652,0.029865053002004007,-0.060281999999999995,0.0036330325410821643,140.88366666666667,206.24500000000003,82911.50235633334,55006.304283000005,473.326,0.22280600000000003,156.39900001238877,17.347830000000002,494.7305583497996,-10.964642000000001,394.04872870324255,1100.999,7279.742333333333,50834229.60433601,6188953.078677329,9420.368999999999
22,11,Taking stairs,-0.11030200000000001,0.04872090460521042,0.9591500000000001,0.0066110455911823655,-0.069716,0.01021753441282565,129.85533333333333,211.5806666666667,91830.83540233335,54899.82683033334,479.57500000000005,-1.33499,172.35154609408818,22.960140000000003,1014.106066321042,-1.8858560000000006,562.8575319671984,3289.8823333333335,8222.567666666668,50328346.345786355,16435667.697132336,12463.238000000001
22,11,Taking stairs,0.07118000000000001,0.023990432464929858,0.978206,0.03904187130661323,-0.091364,0.02035884920240481,159.67033333333333,207.93966666666665,83045.69589633335,59291.53046433334,489.103,0.7962380000000002,174.92688877490582,15.282324,919.709430997018,4.649151999999999,285.2657771752465,3454.6189999999992,7350.146333333333,14073165.861348996,11979526.095952328,11298.246
22,11,Taking stairs,0.48954600000000004,0.20219438064529055,0.691356,0.1397501736112224,-0.05548199999999999,0.02433691550701403,187.57000000000002,219.16266666666664,37314.574796999994,19959.096520333333,345.678,-1.6969519999999996,197.01663580129858,2.35074,226.92261981202404,12.997328000000001,749.8056868701564,2275.186,7319.659333333334,14402312.970292004,4817630.061897336,9830.254
22,11,Taking stairs,0.818768,0.07320413444488978,0.496208,0.045824914565130256,-0.072722,0.023752173062124248,207.04233333333335,241.98433333333335,50936.69660833334,29084.528880333335,409.384,-15.584892,538.6114471466293,-11.693294,477.7357417670982,11.341353999999999,873.9326952111063,-2656.138666666667,10346.346,52948427.79708433,796097.0604489989,10909.633999999998
22,11,Taking stairs,0.769128,0.04015654470541082,0.600146,0.01912104677755511,-0.11739,0.02276986963927856,208.6473333333333,253.04466666666667,55388.62466433334,25694.134224333335,384.564,-15.539136000000001,735.2595767069178,-15.604651999999998,656.7873727483928,0.28586,319.6253504613227,-5142.988,10708.072,20955965.098683998,10681577.666508002,12738.476
22,11,Taking stairs,0.7718160000000001,0.04262148912224449,0.61601,0.015598262424849699,-0.105284,0.023204536416833666,213.75699999999998,254.62300000000002,54743.539753000005,27093.645019000003,385.908,-9.969009999999999,513.6133221341684,-8.84941,460.80652580951903,3.2172080000000003,249.15280383240076,-2600.2019999999998,8592.480666666668,13363879.969226997,3828359.2892063344,10081.463000000002
22,11,Taking stairs,0.7805139999999999,0.034047384573146294,0.62395,0.015913546593186372,-0.12130400000000002,0.019810805194388777,213.85999999999999,258.372,58049.64648899999,27336.366488999993,390.25699999999995,-11.876838,305.82188934244084,-8.172334000000001,268.50960384212823,1.278778,183.59532206885373,-3128.399,7155.353,11504879.177584,3376553.8316439996,8753.783
22,11,Taking stairs,0.74502,0.04497356673346694,0.644126,0.019514114352705413,-0.129836,0.021498762629258518,209.885,258.501,57273.741559,24284.819982999994,372.51,-2.5375620000000008,367.5512384751062,-2.553554,316.0849614820481,2.5381639999999996,380.4551115441924,-425.4920000000002,7862.163333333334,2153701.7651110003,431652.1058663331,8564.519
